date,num_adbit,num_httpsrr,adbit_perc
2024-04-01,18460,272163,6.782700073117945
2024-04-02,18443,272999,6.7557024018402965
2024-04-03,18453,273042,6.758300920737466
2024-04-04,18422,274767,6.704589706915311
2024-04-05,18417,276481,6.661217226500191
2024-04-06,18415,276021,6.671593828005837
2024-04-07,18229,280382,6.501487256671253
2024-04-08,18207,277537,6.560206386896159
2024-04-09,18188,277607,6.551707990072294
2024-04-10,18150,278564,6.515558363607642
2024-04-11,18136,276305,6.563761061146194
2024-04-12,18137,275094,6.593019113466667
2024-04-13,18335,271889,6.74356079135235
2024-04-14,18330,272198,6.734068582428964
2024-04-15,18308,272468,6.719321167990366
2024-04-16,17734,272468,6.508654227285403
2024-04-17,18002,272468,6.607014401691205
2024-04-18,17979,272468,6.598573043439961
2024-04-19,17945,272468,6.586094513851165
2024-04-20,17897,272468,6.568477766196395
2024-04-21,17845,272468,6.54939295623706
2024-04-22,17775,261707,6.791946719040757
2024-04-23,18298,271465,6.740463779861121
2024-04-24,18304,270832,6.758433272286876
2024-04-25,18273,270725,6.749653707636898
2024-04-26,18306,270914,6.757125877584766
2024-04-27,18313,271119,6.754598534222977
2024-04-28,18306,271152,6.75119490175252
2024-04-29,18300,271017,6.7523439489035715
2024-04-30,18282,270591,6.756322272359388
2024-05-01,18312,270623,6.766608898726269
2024-05-02,18342,269895,6.795976212971708
2024-05-03,18356,267947,6.850608515863208
2024-05-04,18287,269575,6.7836409162570686
2024-05-05,18155,273702,6.6331265390826495
2024-05-06,18191,272906,6.665665100803937
2024-05-07,18171,272290,6.673399684160268
2024-05-08,18163,271669,6.685709447894309
2024-05-09,18163,270908,6.704490085194971
2024-05-10,18190,270337,6.728638699105188
2024-05-11,18211,270265,6.738201394927199
2024-05-12,18198,270358,6.731075093024801
2024-05-13,18198,270296,6.732619054665993
2024-05-14,18199,269476,6.75347711855601
2024-05-15,18197,269357,6.755718247530226
2024-05-16,18191,269232,6.756626255422829
2024-05-17,18197,268955,6.765815842798978
2024-05-18,18329,265435,6.905268709853633
2024-05-19,18413,263175,6.996485228460147
2024-05-20,18442,263221,7.006279894081397
2024-05-21,18413,262655,7.010336753536004
2024-05-22,18437,261525,7.049804034031161
2024-05-23,18452,261273,7.06234475051
2024-05-24,18467,260727,7.082887464666104
2024-05-25,18452,260602,7.080528929171685
2024-05-26,18461,260023,7.099756559996614
2024-05-27,18469,259752,7.11024361698851
2024-05-28,18448,259740,7.1024871024871
2024-05-29,18442,259605,7.103869339958782
2024-05-30,18445,259657,7.103602059640215
2024-05-31,18452,259639,7.106790582308511
2024-06-01,18464,259384,7.118403602381023
2024-06-02,18475,259100,7.130451563103047
2024-06-03,18483,258978,7.1368996594305285
2024-06-04,18489,259135,7.134891079939026
2024-06-05,18476,259042,7.132434122651922
2024-06-06,18464,258335,7.1473087270404685
2024-06-07,18499,257110,7.194974913461162
2024-06-08,18518,257248,7.198501057345439
2024-06-09,18386,259644,7.081234305433592
2024-06-10,18352,259683,7.067077937331282
2024-06-11,18392,259043,7.0999795400763555
2024-06-12,18395,258720,7.110003092145947
2024-06-13,18431,258668,7.125349869330568
2024-06-14,18455,258686,7.134131727267805
2024-06-15,18463,258557,7.140785204036245
2024-06-16,18650,253769,7.349203409399885
2024-06-17,18664,253622,7.358983053520591
2024-06-18,18672,253361,7.369721464629518
2024-06-19,18712,252689,7.405150204401456
2024-06-20,18753,252108,7.438478747203577
2024-06-21,18803,251425,7.478572138808787
2024-06-22,18823,251313,7.48986323827259
2024-06-23,18839,251086,7.503006937861925
2024-06-24,18843,250955,7.508517463290229
2024-06-25,18841,250916,7.508887436432907
2024-06-26,18836,250909,7.507104169240638
2024-06-27,18815,250882,7.499541617174605
2024-06-28,18861,251037,7.513235100801872
2024-06-29,18860,251024,7.513225827012554
2024-06-30,18864,251244,7.50823900272245
2024-07-01,18864,251312,7.506207423441775
2024-07-02,18848,250570,7.522049726623297
2024-07-03,18898,250284,7.550622492848122
2024-07-04,18916,250017,7.565885519784652
2024-07-05,18902,249521,7.575314302203019
2024-07-06,18808,252190,7.457869066973311
2024-07-07,18736,254844,7.351948643091458
2024-07-08,18764,254296,7.378802655173496
2024-07-09,18796,253724,7.408049691791078
2024-07-10,18804,253652,7.4133064198192775
2024-07-11,18800,253958,7.4027988880051
2024-07-12,18829,254132,7.409141705885128
2024-07-13,18857,254055,7.422408533585244
2024-07-14,18899,253218,7.463529448933327
2024-07-15,19102,248286,7.693546957943659
2024-07-16,19127,248248,7.704795204795202
2024-07-17,19150,248064,7.719781991744063
2024-07-18,19187,247786,7.743375331939655
2024-07-19,19167,247429,7.746464642382256
2024-07-20,19179,246602,7.777309186462394
2024-07-21,19170,246548,7.775362201275206
2024-07-22,19182,246573,7.779440571352092
2024-07-23,19186,246825,7.773118606300008
2024-07-24,19212,246805,7.784283138510157
2024-07-25,19237,246735,7.796623908241633
2024-07-26,19241,245786,7.828354747625981
2024-07-27,19253,245522,7.841659810526141
2024-07-28,19224,246111,7.811109621268449
2024-07-29,19232,246576,7.799623645448054
2024-07-30,19223,246608,7.794962045026923
2024-07-31,19244,246625,7.8029396857577265
2024-08-01,19221,247518,7.765495842726587
2024-08-02,19264,246765,7.806617632160149
2024-08-03,19133,252233,7.585446789278165
2024-08-04,19130,252303,7.582153204678499
2024-08-05,19114,252307,7.575691518665749
2024-08-06,19136,251791,7.599953930045154
2024-08-07,19145,251579,7.609935646456975
2024-08-08,19177,250975,7.641000099611513
2024-08-09,19152,250640,7.64123842962017
2024-08-10,19172,250502,7.653431908727273
2024-08-11,19186,250701,7.6529411530069655
2024-08-12,19192,250965,7.647281493435337
2024-08-13,19197,251030,7.64729315221288
2024-08-14,19169,250955,7.6384212308979675
2024-08-15,19178,250542,7.654604816757268
2024-08-16,19191,250316,7.666709279470746
2024-08-17,19205,250387,7.670126643955155
2024-08-18,19227,251348,7.649553606951316
2024-08-19,19360,248783,7.78188220256207
2024-08-20,19469,246591,7.895259762116214
2024-08-21,19492,246988,7.89188138694997
2024-08-22,19531,246879,7.9111629583723175
2024-08-23,19577,247184,7.920011003948473
2024-08-24,19608,247272,7.929729205085894
2024-08-25,19683,246961,7.9700843453014825
2024-08-26,19695,247524,7.956804188684731
2024-08-27,19514,248138,7.86417235570529
2024-08-28,19516,248428,7.855797253127664
2024-08-29,19485,248452,7.842561138570023
2024-08-30,19504,249063,7.830950402107095
2024-08-31,19510,249451,7.821175300960907
2024-09-01,19544,249578,7.830818421495482
2024-09-02,19541,250161,7.811369478056129
2024-09-03,19544,249975,7.818381838183815
2024-09-04,19474,247993,7.852641001963763
2024-09-05,19484,248018,7.855881427960871
2024-09-06,19362,251225,7.707035525922975
2024-09-07,19252,254089,7.576872670599669
2024-09-08,19254,254088,7.5776896193444765
2024-09-09,19236,254059,7.571469619261665
2024-09-10,19254,253657,7.590565212077724
2024-09-11,19245,253623,7.588034208253981
2024-09-12,19303,254911,7.572446854000021
2024-09-13,19336,255447,7.569476251433759
2024-09-14,19364,255642,7.574655181855874
2024-09-15,19367,255870,7.5690780474459665
2024-09-16,19507,253310,7.700840866921951
2024-09-17,19608,251232,7.804738249904468
2024-09-18,19617,250510,7.830825116761803
2024-09-19,19645,250373,7.846293330351114
2024-09-20,19709,250122,7.879754679716296
2024-09-21,19723,249917,7.891820084267974
2024-09-22,19731,250174,7.886910710145735
2024-09-23,19739,250009,7.895315768632327
2024-09-24,19760,250210,7.897366212381597
2024-09-25,19758,249647,7.914375097637862
2024-09-26,19768,249436,7.92507897817476
2024-09-27,19769,248580,7.952771743503095
2024-09-28,19785,248102,7.974542728393964
2024-09-29,19776,248748,7.950214675092862
2024-09-30,19781,248791,7.950850312109358
2024-10-01,19758,248302,7.957245612198046
2024-10-02,19749,248082,7.960674293177253
2024-10-03,19772,247339,7.993886932509629
2024-10-04,19703,249775,7.888299469522567
2024-10-05,19645,251641,7.806756450657879
2024-10-06,19662,251389,7.821344609350446
2024-10-07,19670,251064,7.834655705318164
2024-10-08,19688,250533,7.8584457935681105
2024-10-09,19715,250099,7.882878380161453
2024-10-10,19737,250750,7.871186440677963
2024-10-11,19729,250704,7.8694396579232855
2024-10-12,19742,250398,7.884248276743421
2024-10-13,19769,250470,7.892761608176625
2024-10-14,19828,248528,7.978175497328266
2024-10-15,20007,244004,8.199455746627102
2024-10-16,20032,243721,8.219234288387128
2024-10-17,20069,243326,8.247782809892898
2024-10-18,20108,243418,8.260687377268729
2024-10-19,20095,243196,8.262882613200873
2024-10-20,20132,242687,8.295458759636896
2024-10-21,20182,243047,8.303743720350383
2024-10-22,20166,243311,8.288157954223193
2024-10-23,20185,243623,8.285342516921634
2024-10-24,20152,242913,8.295974278857036
2024-10-25,20175,242529,8.318592828074166
2024-10-26,20127,242389,8.30359463507007
2024-10-27,20055,242698,8.263356105118293
2024-10-28,20025,242170,8.268984597596727
2024-10-29,20040,242128,8.276614022335291
2024-10-30,20039,243716,8.222275107091859
2024-10-31,20038,244364,8.200062202288386
2024-11-01,19865,249352,7.966649555648237
2024-11-02,19879,248410,8.002495873757093
2024-11-03,19889,248371,8.007778685917435
2024-11-04,19898,248608,8.003764963315739
2024-11-05,19895,248526,8.005198651247754
2024-11-06,19896,248737,7.998809988059675
2024-11-07,19878,248993,7.983356961842298
2024-11-08,19879,249500,7.967535070140277
2024-11-09,19912,249685,7.974848308869173
2024-11-10,19905,249751,7.96993805830607
2024-11-11,19885,250974,7.923131479754872
2024-11-12,19879,251182,7.91418174869218
2024-11-13,19857,250994,7.911344494290698
2024-11-14,19860,251405,7.899604224259658
2024-11-15,19867,251610,7.895950081475297
2024-11-16,19846,251937,7.8773661669385575
2024-11-17,19836,251882,7.875116125804937
2024-11-18,19823,252461,7.8519058389216525
2024-11-19,19999,248042,8.062747437933895
2024-11-20,20043,246489,8.131397344303394
2024-11-21,20069,246034,8.157002690685024
2024-11-22,20074,246106,8.156647948444975
2024-11-23,20082,246188,8.157180691179096
2024-11-24,20086,246228,8.157480059132183
2024-11-25,20112,245449,8.193962900643308
2024-11-26,20114,245458,8.194477262912594
2024-11-27,20111,245364,8.19639392901974
2024-11-28,20109,245060,8.205745531706517
2024-11-29,20085,243364,8.253069476175602
2024-11-30,20081,243104,8.260250756877712
2024-12-01,20030,242147,8.27183487716139
2024-12-02,20041,240542,8.331601134105476
2024-12-03,20075,240265,8.355357625954673
2024-12-04,20097,240415,8.359295385063325
2024-12-05,20128,240161,8.381044382726584
2024-12-06,19987,244358,8.179392530631285
2024-12-07,19961,244817,8.153437057067112
2024-12-08,19958,244844,8.15131267255885
2024-12-09,19973,243808,8.192101981887383
2024-12-10,20001,242885,8.234761306791277
2024-12-11,20004,242601,8.245637899266693
2024-12-12,20033,242379,8.265154984548989
2024-12-13,20047,242407,8.269975702021803
2024-12-14,20046,242493,8.266630376959332
2024-12-15,20044,242746,8.257190643718122
2024-12-16,20092,241987,8.302925363759208
2024-12-17,20304,236986,8.567594710236044
2024-12-18,20258,236263,8.57434299911539
2024-12-19,20365,235859,8.634395973865738
2024-12-20,20371,235728,8.641739632118371
2024-12-21,20355,235872,8.629680504680502
2024-12-22,20435,234945,8.697780331566959
2024-12-23,20433,235300,8.683807904802377
2024-12-24,20441,236040,8.65997288595153
2024-12-25,20449,236689,8.639607248330083
2024-12-26,20435,237522,8.60341357853167
2024-12-27,20417,238363,8.5655072305685
2024-12-28,20484,236924,8.645810470868293
2024-12-29,20469,237938,8.602661197454797
2024-12-30,20439,238286,8.577507700830092
2024-12-31,20393,239364,8.519660433482057
2025-01-01,20327,371779,5.467495474461977
2025-01-02,20228,373994,5.408642919405122
2025-01-03,20052,377512,5.311619233295894
2025-01-04,20012,377795,5.297052634365197
2025-01-05,19977,378438,5.278803925610005
2025-01-06,19911,380757,5.229319487232012
2025-01-07,19870,379902,5.230296234292
2025-01-08,19836,380194,5.217336412463109
2025-01-09,19814,379321,5.223544174986356
2025-01-10,19801,379980,5.211063740196851
2025-01-11,19769,380222,5.199330917201002
2025-01-12,19727,379452,5.198813025099352
2025-01-13,19693,379607,5.187733629780271
2025-01-14,19679,379523,5.185192992256067
2025-01-15,19661,378809,5.190214593634257
2025-01-16,19653,378257,5.1956738408013585
2025-01-17,19647,377846,5.199737459176489
2025-01-18,19636,377030,5.208073628093254
2025-01-19,19623,375759,5.222230206062927
2025-01-20,19604,375234,5.224473262017833
2025-01-21,19615,372460,5.266337324813401
2025-01-22,19623,367915,5.33356889498933
2025-01-23,19613,366588,5.350147849902341
2025-01-24,19597,365651,5.359482129134063
2025-01-25,19597,365651,5.359482129134063
2025-01-26,19597,365651,5.359482129134063
2025-01-27,19572,361415,5.41538120996638
2025-01-28,19369,363685,5.32576267924165
2025-01-29,19332,363459,5.318894290690283
2025-01-30,19319,362361,5.331423635545766
2025-01-31,19251,358785,5.365608930139218
2025-02-01,19225,357941,5.370996896136512
2025-02-02,19216,357156,5.380282005622191
2025-02-03,19204,357074,5.378156908651986
2025-02-04,19175,356611,5.37700743947887
2025-02-05,19157,357153,5.363807667862231
2025-02-06,19065,363302,5.2477002603894265
2025-02-07,19052,361354,5.272392169451561
2025-02-08,19050,359583,5.297803288809536
2025-02-09,19039,359015,5.3031210395108825
2025-02-10,19039,359015,5.3031210395108825
2025-02-11,19039,359015,5.3031210395108825
2025-02-12,19011,358752,5.299203906877173
2025-02-13,19006,359121,5.2923666396562705
2025-02-14,19001,359098,5.29131323482726
2025-02-15,19002,359110,5.2914148868034845
2025-02-16,18980,359558,5.278703296825546
2025-02-17,18970,360450,5.262865862116797
2025-02-18,18967,360583,5.260092683237977
2025-02-19,19014,353029,5.38595979367134
2025-02-20,19038,350520,5.431359123587811
2025-02-21,19031,350539,5.42906780700578
2025-02-22,19027,351168,5.418204392199743
2025-02-23,19015,351116,5.415589150024491
2025-02-24,19005,351464,5.407381694853525
2025-02-25,18946,352109,5.380720174718622
2025-02-26,18893,352040,5.366719690944209
2025-02-27,0,0,0.0
2025-02-28,18885,351292,5.375869646903429
2025-03-01,18870,351226,5.372609089304321
2025-03-02,18867,351656,5.365186432195098
2025-03-03,0,0,0.0
2025-03-04,18835,352436,5.344232711754756
2025-03-05,18810,353511,5.320909391786958
2025-03-06,18753,360479,5.202244790958695
2025-03-07,18752,362373,5.174778474113688
2025-03-08,18729,359497,5.209779219298073
2025-03-09,18724,359426,5.209417237484209
2025-03-10,18715,359722,5.202628696604599
2025-03-11,18701,358766,5.212589821777982
2025-03-12,18701,358766,5.212589821777982
2025-03-13,18663,359628,5.189529180152823
2025-03-14,0,0,0.0
2025-03-15,18645,360094,5.177814681721993
2025-03-16,18637,359939,5.177821797582366
2025-03-17,18625,360653,5.1642437467593485
2025-03-18,18608,361025,5.154213697112387
2025-03-19,0,0,0.0
2025-03-20,18654,353007,5.284314475350345
2025-03-21,18636,352909,5.280681422122981
2025-03-22,0,0,0.0
2025-03-23,18615,352981,5.273654955932471
2025-03-24,18604,353302,5.2657499816021405
2025-03-25,18580,353632,5.254049407293456
2025-03-26,18549,352887,5.2563568507765925
2025-03-27,18541,353267,5.248438150181022
2025-03-28,18527,353746,5.23737370881932
2025-03-29,18523,353498,5.2399164917481835
2025-03-30,18515,353779,5.233493225997019
2025-03-31,18497,354402,5.219214338519532
2025-04-01,18475,354219,5.215699891874799
2025-04-02,18438,355795,5.182197613794458
2025-04-03,18385,360147,5.104859959960792
2025-04-04,18366,359934,5.102602143726348
2025-04-05,18360,359062,5.113323047273171
2025-04-06,18364,358931,5.1163036906814945
2025-04-07,18357,358777,5.116548719678239
2025-04-08,18352,358015,5.126042204935546
2025-04-09,18348,358190,5.122421061447834
2025-04-10,18348,358433,5.1189483111209055
2025-04-11,18332,359081,5.105254803233809
2025-04-12,18325,359075,5.103390656548073
2025-04-13,18325,359076,5.1033764439840015
2025-04-14,18325,359131,5.10259487485068
2025-04-15,18322,359203,5.100736909212895
2025-04-16,18312,354726,5.162294277836977
2025-04-17,18308,354841,5.159493970538915
2025-04-18,18306,352895,5.1873786820442325
2025-04-19,18306,352895,5.1873786820442325
2025-04-20,18306,352895,5.1873786820442325
2025-04-21,18306,352895,5.1873786820442325
2025-04-22,18255,352210,5.182987422276481
2025-04-23,18249,351726,5.188413708398013
2025-04-24,18253,352414,5.1794196598319004
2025-04-25,18242,352869,5.169623854744961
2025-04-26,18214,352961,5.160343494040417
2025-04-27,18216,353054,5.159550663637855
2025-04-28,18202,353613,5.147435190448313
2025-04-29,18190,354165,5.136024169525502
2025-04-30,18167,354180,5.1293127788130315
2025-05-01,18087,361668,5.0009953880354345
2025-05-02,18070,362170,4.9893696330452535
2025-05-03,18077,361293,5.003418278239543
2025-05-04,18075,361372,5.001771028192554
2025-05-05,18071,361691,4.996253708275847
2025-05-06,18070,361256,5.001993046482271
2025-05-07,18070,361221,5.002477707552992
2025-05-08,18075,361207,5.00405584609379
2025-05-09,18050,361761,4.989482006075833
2025-05-10,18045,361976,4.985137136163722
2025-05-11,18042,362451,4.9777763063145075
2025-05-12,18037,362645,4.973734644073404
2025-05-13,18030,363402,4.961447653012365
2025-05-14,18023,364051,4.950679987144657
2025-05-15,18018,364737,4.9399978614727855
2025-05-16,18009,365482,4.927465648103051
2025-05-17,18010,366228,4.917701541116461
2025-05-18,18009,366891,4.908542319108398
2025-05-19,18008,367682,4.8977105215920265
2025-05-20,17999,367819,4.8934394362444555
2025-05-21,18027,361566,4.9858117190222515
2025-05-22,18034,360522,5.002191267107137
2025-05-23,18025,360642,4.998031288646357
2025-05-24,18017,360924,4.991909654110005
2025-05-25,18017,361239,4.987556714529714
2025-05-26,18019,361969,4.978050606543652
2025-05-27,17997,362774,4.960939868899093
2025-05-28,17985,362435,4.962269096527652
2025-05-29,17976,362646,4.956900117469928
2025-05-30,17973,363766,4.940813599951616
2025-05-31,17962,363963,4.935117031126789
2025-06-01,17961,363123,4.946257879561469
2025-06-02,17950,364367,4.9263517277909346
2025-06-03,17941,364372,4.923814124027092
2025-06-04,17934,365300,4.909389542841499
2025-06-05,17931,365434,4.9067683904617505
2025-06-06,17850,366446,4.871113342757185
2025-06-07,17848,366534,4.869398200439794
2025-06-08,17849,366488,4.870282246621989
2025-06-09,17724,371954,4.7651053624910595
2025-06-10,17692,374013,4.73031686064388
2025-06-11,17651,375635,4.698976399962729
2025-06-12,17643,375912,4.693385686011618
2025-06-13,17611,376138,4.682058180774076
2025-06-14,17604,376398,4.676964277174691
2025-06-15,17593,376800,4.669055201698512
2025-06-16,17593,376800,4.669055201698512
2025-06-17,17593,376800,4.669055201698512
2025-06-18,17605,375101,4.693402576905952
2025-06-19,17582,377173,4.6615213708298295
2025-06-20,17567,378281,4.643902284280732
2025-06-21,17551,376520,4.661372569850205
2025-06-22,17533,377693,4.642129983875792
2025-06-23,17541,376342,4.660920120528667
2025-06-24,17533,374779,4.678223699833767
2025-06-25,17522,374691,4.676386675954318
2025-06-26,17520,374141,4.682726565653055
2025-06-27,17487,374521,4.669164078916801
2025-06-28,17482,374499,4.668103252612155
2025-06-29,17465,374776,4.660116976540652
2025-06-30,17451,375155,4.651677306713224
2025-07-01,17430,375248,4.6449281541807
2025-07-02,17416,374683,4.648195941635995
2025-07-03,17293,384210,4.500923973868456
2025-07-04,17267,385288,4.481582608334543
2025-07-05,17266,385728,4.476211216193793
2025-07-06,17253,385414,4.476485026490993
2025-07-07,17236,385326,4.473095508738054
2025-07-08,17233,385790,4.466937971435235
2025-07-09,17166,385887,4.448452526257685
2025-07-10,17172,387632,4.429974821480165
2025-07-11,17141,387460,4.423940535797242
2025-07-12,17118,387914,4.4128337724340945
2025-07-13,17095,388621,4.3988873478273165
2025-07-14,17093,387730,4.4084801279240695
2025-07-15,17093,387730,4.4084801279240695
2025-07-16,17093,387730,4.4084801279240695
2025-07-17,17093,387730,4.4084801279240695
2025-07-18,17093,387730,4.4084801279240695
2025-07-19,17093,387730,4.4084801279240695
2025-07-20,17093,387730,4.4084801279240695
2025-07-21,17093,387730,4.4084801279240695
2025-07-22,17116,378554,4.521415702911605
2025-07-23,17088,379255,4.505675600849032
2025-07-24,17051,379191,4.496678454921133
2025-07-25,17035,379403,4.489948682535456
2025-07-26,17038,379686,4.487392213565945
2025-07-27,17044,379625,4.4896937767533736
2025-07-28,17031,380547,4.4753998849025205
2025-07-29,17038,381793,4.462627654252434
2025-07-30,16926,390434,4.335175727523729
