date,num_ech,num_ech_dnssec,pct_ech_dnssec,num_ech_cf_only,num_ech_non_cloudflare,num_ech_ns_mixed,num_ech_ns_unknown,ech_ns_all_cloudflare,ech_ns_non_cf_providers,num_httpsrr
2024-04-01,1,1,100.0,0,0,0,1,,none,272163
2024-04-02,1,1,100.0,0,0,0,1,,none,272999
2024-04-03,1,1,100.0,0,0,0,1,,none,273042
2024-04-04,1,1,100.0,0,0,0,1,,none,274767
2024-04-05,1,1,100.0,0,0,0,1,,none,276481
2024-04-06,1,1,100.0,0,0,0,1,,none,276021
2024-04-07,1,1,100.0,0,0,0,1,,none,280382
2024-04-08,1,1,100.0,0,0,0,1,,none,277537
2024-04-09,1,1,100.0,0,0,0,1,,none,277607
2024-04-10,1,1,100.0,0,0,0,1,,none,278564
2024-04-11,1,1,100.0,0,0,0,1,,none,276305
2024-04-12,1,1,100.0,0,0,0,1,,none,275094
2024-04-13,1,1,100.0,0,0,0,1,,none,271889
2024-04-14,1,1,100.0,0,0,0,1,,none,272198
2024-04-15,1,1,100.0,0,0,0,1,,none,272468
2024-04-16,1,1,100.0,0,0,0,1,,none,272468
2024-04-17,1,1,100.0,0,0,0,1,,none,272468
2024-04-18,1,1,100.0,0,0,0,1,,none,272468
2024-04-19,1,1,100.0,0,0,0,1,,none,272468
2024-04-20,1,1,100.0,0,0,0,1,,none,272468
2024-04-21,1,1,100.0,0,0,0,1,,none,272468
2024-04-22,1,1,100.0,0,0,0,1,,none,261707
2024-04-23,1,1,100.0,0,0,0,1,,none,271465
2024-04-24,1,1,100.0,0,0,0,1,,none,270832
2024-04-25,1,1,100.0,0,0,0,1,,none,270725
2024-04-26,1,1,100.0,0,0,0,1,,none,270914
2024-04-27,1,1,100.0,0,0,0,1,,none,271119
2024-04-28,1,1,100.0,0,0,0,1,,none,271152
2024-04-29,1,1,100.0,0,0,0,1,,none,271017
2024-04-30,1,1,100.0,0,0,0,1,,none,270591
2024-05-01,1,1,100.0,0,0,0,1,,none,270623
2024-05-02,1,1,100.0,0,0,0,1,,none,269895
2024-05-03,1,1,100.0,0,0,0,1,,none,267947
2024-05-04,1,1,100.0,0,0,0,1,,none,269575
2024-05-05,1,1,100.0,0,0,0,1,,none,273702
2024-05-06,1,1,100.0,0,0,0,1,,none,272906
2024-05-07,1,1,100.0,0,0,0,1,,none,272290
2024-05-08,1,1,100.0,0,0,0,1,,none,271669
2024-05-09,1,1,100.0,0,0,0,1,,none,270908
2024-05-10,1,1,100.0,0,0,0,1,,none,270337
2024-05-11,1,1,100.0,0,0,0,1,,none,270265
2024-05-12,1,1,100.0,0,0,0,1,,none,270358
2024-05-13,1,1,100.0,0,0,0,1,,none,270296
2024-05-14,1,1,100.0,0,0,0,1,,none,269476
2024-05-15,1,1,100.0,0,0,0,1,,none,269357
2024-05-16,1,1,100.0,0,0,0,1,,none,269232
2024-05-17,1,1,100.0,0,0,0,1,,none,268955
2024-05-18,1,1,100.0,0,0,0,1,,none,265435
2024-05-19,1,1,100.0,0,0,0,1,,none,263175
2024-05-20,1,1,100.0,0,0,0,1,,none,263221
2024-05-21,1,1,100.0,0,0,0,1,,none,262655
2024-05-22,1,1,100.0,0,0,0,1,,none,261525
2024-05-23,1,1,100.0,0,0,0,1,,none,261273
2024-05-24,1,1,100.0,0,0,0,1,,none,260727
2024-05-25,1,1,100.0,0,0,0,1,,none,260602
2024-05-26,1,1,100.0,0,0,0,1,,none,260023
2024-05-27,1,1,100.0,0,0,0,1,,none,259752
2024-05-28,1,1,100.0,0,0,0,1,,none,259740
2024-05-29,1,1,100.0,0,0,0,1,,none,259605
2024-05-30,1,1,100.0,0,0,0,1,,none,259657
2024-05-31,1,1,100.0,0,0,0,1,,none,259639
2024-06-01,1,1,100.0,0,0,0,1,,none,259384
2024-06-02,1,1,100.0,0,0,0,1,,none,259100
2024-06-03,1,1,100.0,0,0,0,1,,none,258978
2024-06-04,1,1,100.0,0,0,0,1,,none,259135
2024-06-05,1,1,100.0,0,0,0,1,,none,259042
2024-06-06,1,1,100.0,0,0,0,1,,none,258335
2024-06-07,1,1,100.0,0,0,0,1,,none,257110
2024-06-08,1,1,100.0,0,0,0,1,,none,257248
2024-06-09,1,1,100.0,0,0,0,1,,none,259644
2024-06-10,1,1,100.0,0,0,0,1,,none,259683
2024-06-11,1,1,100.0,0,0,0,1,,none,259043
2024-06-12,1,1,100.0,0,0,0,1,,none,258720
2024-06-13,1,1,100.0,0,0,0,1,,none,258668
2024-06-14,1,1,100.0,0,0,0,1,,none,258686
2024-06-15,1,1,100.0,0,0,0,1,,none,258557
2024-06-16,1,1,100.0,0,0,0,1,,none,253769
2024-06-17,1,1,100.0,0,0,0,1,,none,253622
2024-06-18,1,1,100.0,0,0,0,1,,none,253361
2024-06-19,1,1,100.0,0,0,0,1,,none,252689
2024-06-20,1,1,100.0,0,0,0,1,,none,252108
2024-06-21,1,1,100.0,0,0,0,1,,none,251425
2024-06-22,1,1,100.0,0,0,0,1,,none,251313
2024-06-23,1,1,100.0,0,0,0,1,,none,251086
2024-06-24,1,1,100.0,0,0,0,1,,none,250955
2024-06-25,1,1,100.0,0,0,0,1,,none,250916
2024-06-26,1,1,100.0,0,0,0,1,,none,250909
2024-06-27,1,1,100.0,0,0,0,1,,none,250882
2024-06-28,1,1,100.0,0,0,0,1,,none,251037
2024-06-29,1,1,100.0,0,0,0,1,,none,251024
2024-06-30,1,1,100.0,0,0,0,1,,none,251244
2024-07-01,1,1,100.0,0,0,0,1,,none,251312
2024-07-02,1,1,100.0,0,0,0,1,,none,250570
2024-07-03,1,1,100.0,0,0,0,1,,none,250284
2024-07-04,1,1,100.0,0,0,0,1,,none,250017
2024-07-05,1,1,100.0,0,0,0,1,,none,249521
2024-07-06,1,1,100.0,0,0,0,1,,none,252190
2024-07-07,1,1,100.0,0,0,0,1,,none,254844
2024-07-08,1,1,100.0,0,0,0,1,,none,254296
2024-07-09,1,1,100.0,0,0,0,1,,none,253724
2024-07-10,1,1,100.0,0,0,0,1,,none,253652
2024-07-11,1,1,100.0,0,0,0,1,,none,253958
2024-07-12,1,1,100.0,0,0,0,1,,none,254132
2024-07-13,1,1,100.0,0,0,0,1,,none,254055
2024-07-14,1,1,100.0,0,0,0,1,,none,253218
2024-07-15,1,1,100.0,0,0,0,1,,none,248286
2024-07-16,1,1,100.0,0,0,0,1,,none,248248
2024-07-17,1,1,100.0,0,0,0,1,,none,248064
2024-07-18,1,1,100.0,0,0,0,1,,none,247786
2024-07-19,1,1,100.0,0,0,0,1,,none,247429
2024-07-20,1,1,100.0,0,0,0,1,,none,246602
2024-07-21,1,1,100.0,0,0,0,1,,none,246548
2024-07-22,1,1,100.0,0,0,0,1,,none,246573
2024-07-23,1,1,100.0,0,0,0,1,,none,246825
2024-07-24,1,1,100.0,0,0,0,1,,none,246805
2024-07-25,1,1,100.0,0,0,0,1,,none,246735
2024-07-26,1,1,100.0,0,0,0,1,,none,245786
2024-07-27,1,1,100.0,0,0,0,1,,none,245522
2024-07-28,1,1,100.0,0,0,0,1,,none,246111
2024-07-29,1,1,100.0,0,0,0,1,,none,246576
2024-07-30,1,1,100.0,0,0,0,1,,none,246608
2024-07-31,1,1,100.0,0,0,0,1,,none,246625
2024-08-01,1,1,100.0,0,0,0,1,,none,247518
2024-08-02,1,1,100.0,0,0,0,1,,none,246765
2024-08-03,1,1,100.0,0,0,0,1,,none,252233
2024-08-04,1,1,100.0,0,0,0,1,,none,252303
2024-08-05,1,1,100.0,0,0,0,1,,none,252307
2024-08-06,1,1,100.0,0,0,0,1,,none,251791
2024-08-07,1,1,100.0,0,0,0,1,,none,251579
2024-08-08,1,1,100.0,0,0,0,1,,none,250975
2024-08-09,2,1,50.0,0,0,0,2,,none,250640
2024-08-10,2,1,50.0,0,0,0,2,,none,250502
2024-08-11,2,1,50.0,0,0,0,2,,none,250701
2024-08-12,2,1,50.0,0,0,0,2,,none,250965
2024-08-13,2,1,50.0,0,0,0,2,,none,251030
2024-08-14,2,1,50.0,0,0,0,2,,none,250955
2024-08-15,17243,811,4.70335788435887,92,2,0,17149,False,domaincontrol.com;hostdl.com,250542
2024-08-16,8560,395,4.614485981308411,44,0,0,8516,,none,250316
2024-08-17,17212,814,4.729258656751104,91,0,0,17121,,none,250387
2024-08-18,17296,815,4.712072155411655,91,0,0,17205,,none,251348
2024-08-19,17074,823,4.820194447698254,92,1,0,16981,False,googledomains.com,248783
2024-08-20,1642,77,4.689403166869671,5,0,0,1637,,none,246591
2024-08-21,1650,77,4.666666666666667,5,0,0,1645,,none,246988
2024-08-22,16841,825,4.8987589810581325,92,1,0,16748,False,shetabanhost.com,246879
2024-08-23,16871,826,4.895975342303361,93,0,0,16778,,none,247184
2024-08-24,16864,821,4.868358633776091,91,0,0,16773,,none,247272
2024-08-25,16827,815,4.843406430142034,91,0,0,16736,,none,246961
2024-08-26,16863,817,4.844926762734982,91,0,0,16772,,none,247524
2024-08-27,16912,815,4.8190633869441815,92,0,0,16820,,none,248138
2024-08-28,42167,2054,4.871107738278749,245,1,0,41921,False,eflorist.com,248428
2024-08-29,42150,2049,4.8612099644128115,239,1,0,41910,False,eflorist.com,248452
2024-08-30,2,1,50.0,0,0,0,2,,none,249063
2024-08-31,2,1,50.0,0,0,0,2,,none,249451
2024-09-01,2,1,50.0,0,0,0,2,,none,249578
2024-09-02,2,1,50.0,0,0,0,2,,none,250161
2024-09-03,2,1,50.0,0,0,0,2,,none,249975
2024-09-04,42748,2074,4.851688967904931,69,0,0,42679,,none,247993
2024-09-05,42730,2081,4.870114673531477,69,0,0,42661,,none,248018
2024-09-06,86946,4052,4.660363904032388,212,1,0,86733,False,registrar.eu,251225
2024-09-07,88188,4035,4.575452442509185,209,1,0,87978,False,registrar.eu,254089
2024-09-08,88195,4035,4.575089290776121,209,1,0,87985,False,registrar.eu,254088
2024-09-09,88221,4041,4.580542047811745,208,1,0,88012,False,registrar.eu,254059
2024-09-10,132344,6062,4.580487215136311,303,1,0,132040,False,registrar.eu,253657
2024-09-11,132342,6070,4.586601381269741,305,2,0,132035,False,go.id;registrar.eu,253623
2024-09-12,177474,8171,4.60405467843177,436,2,0,177036,False,domaincontrol.com;registrar.eu,254911
2024-09-13,177782,8186,4.604515642753484,451,1,0,177330,False,registrar.eu,255447
2024-09-14,177880,8201,4.610411513379806,456,2,0,177422,False,hostmar.com;registrar.eu,255642
2024-09-15,178051,8205,4.608230226171154,458,1,0,177592,False,registrar.eu,255870
2024-09-16,175488,8260,4.7068745441283735,462,1,0,175025,False,registrar.eu,253310
2024-09-17,173620,8340,4.803594055984334,457,2,0,173161,False,registrar.eu;zonedns.vn,251232
2024-09-18,172804,8347,4.830328001666628,455,1,0,172348,False,registrar.eu,250510
2024-09-19,172651,8351,4.836925358092337,453,5,0,172193,False,awsdns-00.org;awsdns-37.net;awsdns-52.com;co.uk;dns-parking.com;guzelhosting.com;my-tss.com;registrar.eu,250373
2024-09-20,172213,8374,4.862582964120015,462,3,0,171748,False,dns-parking.com;i7.ru;registrar.eu,250122
2024-09-21,171989,8371,4.867171737727412,466,4,0,171519,False,dns-parking.com;i7.ru;intel.im;registrar.eu,249917
2024-09-22,172364,8355,4.847299900211181,463,3,0,171898,False,i7.ru;intel.im;registrar.eu,250174
2024-09-23,172229,8363,4.855744386833809,463,4,0,171762,False,i7.ru;intel.im;matbao.com;registrar.eu,250009
2024-09-24,172289,8381,4.864500925770073,465,3,0,171821,False,i7.ru;intel.im;registrar.eu,250210
2024-09-25,171738,8394,4.887677741676274,474,4,0,171260,False,i7.ru;intel.im;lotosus.com;registrar.eu,249647
2024-09-26,171481,8414,4.906666044634682,483,4,0,170994,False,hostseba.com;i7.ru;intel.im;registrar.eu,249436
2024-09-27,170605,8412,4.9306878461944255,482,5,0,170118,False,domaincontrol.com;dracoola.net;i7.ru;intel.im;registrar.eu,248580
2024-09-28,170087,8423,4.952171535743473,485,3,0,169599,False,i7.ru;intel.im;registrar.eu,248102
2024-09-29,170665,8434,4.941845135206399,509,3,0,170153,False,dns-parking.com;intel.im;registrar.eu,248748
2024-09-30,170674,8470,4.962677384956115,510,3,0,170161,False,gorbe.ninja;intel.im;registrar.eu,248791
2024-10-01,170258,8480,4.98067638525062,509,6,0,169743,False,cprapid.com;domaincontrol.com;gorbe.ninja;intel.im;namecheaphosting.com;registrar.eu,248302
2024-10-02,170005,8491,4.994558983559307,517,3,0,169485,False,gorbe.ninja;intel.im;registrar.eu,248082
2024-10-03,169227,8502,5.024020989558404,519,3,0,168705,False,gorbe.ninja;intel.im;registrar.eu,247339
2024-10-04,170993,8451,4.94230757984245,550,3,0,170440,False,gorbe.ninja;intel.im;registrar.eu,249775
2024-10-05,172477,8422,4.882969903233474,544,3,0,171930,False,gorbe.ninja;intel.im;registrar.eu,251641
2024-10-06,172247,8416,4.886006722903737,541,3,0,171703,False,gorbe.ninja;intel.im;registrar.eu,251389
2024-10-07,171920,8432,4.904606793857608,546,5,0,171369,False,aslitarcanclinic.com;dns-parking.com;gorbe.ninja;intel.im;registrar.eu,251064
2024-10-08,171405,8435,4.921093316997753,546,3,0,170856,False,gorbe.ninja;intel.im;registrar.eu,250533
2024-10-09,170980,8443,4.9380044449643234,546,3,0,170431,False,gorbe.ninja;intel.im;registrar.eu,250099
2024-10-10,171276,8434,4.924215885471403,520,3,0,170753,False,gorbe.ninja;intel.im;registrar.eu,250750
2024-10-11,171045,8444,4.936712561021953,466,3,0,170576,False,gorbe.ninja;intel.im;registrar.eu,250704
2024-10-12,170722,8448,4.948395637351952,466,3,0,170253,False,gorbe.ninja;intel.im;registrar.eu,250398
2024-10-13,170710,8464,4.958116103333138,468,3,0,170239,False,gorbe.ninja;intel.im;registrar.eu,250470
2024-10-14,168802,8496,5.033115721377709,464,3,0,168335,False,gorbe.ninja;intel.im;registrar.eu,248528
2024-10-15,164824,8574,5.201912342862689,462,2,0,164360,False,intel.im;registrar.eu,244004
2024-10-16,164519,8583,5.2170266048298375,466,2,0,164051,False,intel.im;registrar.eu,243721
2024-10-17,164027,8581,5.231455796911484,466,2,0,163559,False,intel.im;registrar.eu,243326
2024-10-18,163985,8587,5.2364545537701614,468,2,0,163515,False,intel.im;registrar.eu,243418
2024-10-19,163768,8590,5.245224952371648,468,4,0,163296,False,dns-parking.com;intel.im;registrar.eu;tld-ns.com;tld-ns.net,243196
2024-10-20,163300,8589,5.259644825474587,482,2,0,162816,False,intel.im;registrar.eu,242687
2024-10-21,163664,8611,5.261389187603871,463,2,0,163199,False,intel.im;registrar.eu,243047
2024-10-22,163941,8615,5.254939276934995,467,2,0,163472,False,intel.im;registrar.eu,243311
2024-10-23,164190,8624,5.2524514282234,469,2,0,163719,False,intel.im;registrar.eu,243623
2024-10-24,163504,8612,5.267149427536941,465,3,0,163036,False,domaincontrol.com;intel.im;registrar.eu,242913
2024-10-25,163027,8623,5.289307906052372,465,2,0,162560,False,intel.im;registrar.eu,242529
2024-10-26,162825,8593,5.277445109780439,466,2,0,162357,False,intel.im;registrar.eu,242389
2024-10-27,163137,8589,5.26490005332941,457,2,0,162678,False,intel.im;registrar.eu,242698
2024-10-28,162657,8601,5.287814234862317,459,2,0,162196,False,intel.im;registrar.eu,242170
2024-10-29,162635,8614,5.296522888677099,459,3,0,162173,False,dns-parking.com;intel.im;registrar.eu,242128
2024-10-30,164167,8603,5.240395450973703,464,2,0,163701,False,intel.im;registrar.eu,243716
2024-10-31,164777,8581,5.207644270741669,468,3,0,164306,False,intel.im;namecheaphosting.com;registrar.eu,244364
2024-11-01,168788,8523,5.049529587411428,502,2,0,168284,False,intel.im;registrar.eu,249352
2024-11-02,168026,8524,5.073024412888481,502,1,0,167523,False,registrar.eu,248410
2024-11-03,168060,8553,5.08925383791503,496,1,0,167563,False,registrar.eu,248371
2024-11-04,168365,8566,5.087755768716776,497,2,0,167866,False,namecheaphosting.com;registrar.eu,248608
2024-11-05,168443,8573,5.0895555172966525,491,2,0,167950,False,namecheaphosting.com;registrar.eu,248526
2024-11-06,168195,8515,5.062576176461845,495,1,0,167699,False,registrar.eu,248737
2024-11-07,160808,8346,5.190040296502661,477,3,0,160328,False,namecheaphosting.com;registrar.eu,248993
2024-11-08,160413,8299,5.1735208493077245,472,1,0,159940,False,registrar.eu,249500
2024-11-09,159839,8292,5.187720143394291,492,2,0,159345,False,namecheaphosting.com;registrar.eu,249685
2024-11-10,159623,8282,5.188475345031731,486,1,0,159136,False,registrar.eu,249751
2024-11-11,160868,8273,5.1427257130069375,490,1,0,160377,False,registrar.eu,250974
2024-11-12,160844,8270,5.14162791276019,486,1,0,160357,False,registrar.eu,251182
2024-11-13,160475,8267,5.151581243184297,484,3,0,159988,False,namecheaphosting.com;niagahoster.com;registrar.eu,250994
2024-11-14,160551,8249,5.137931249260359,506,2,0,160043,False,awsdns-08.com;awsdns-09.net;awsdns-55.org;co.uk;registrar.eu,251405
2024-11-15,160670,8278,5.152175266073318,507,1,0,160162,False,registrar.eu,251610
2024-11-16,161039,8287,5.145958432429412,507,1,0,160531,False,registrar.eu,251937
2024-11-17,161134,8288,5.143545123934117,507,1,0,160626,False,registrar.eu,251882
2024-11-18,161639,8289,5.1280940862044435,509,1,0,161129,False,registrar.eu,252461
2024-11-19,157276,8380,5.328212823316972,511,1,0,156764,False,registrar.eu,248042
2024-11-20,155579,8387,5.390830381992428,497,1,0,155081,False,registrar.eu,246489
2024-11-21,155244,8397,5.408904691968772,508,1,0,154735,False,registrar.eu,246034
2024-11-22,155182,8367,5.391733577347888,508,1,0,154673,False,registrar.eu,246106
2024-11-23,155282,8356,5.381177470666271,514,1,0,154767,False,registrar.eu,246188
2024-11-24,155334,8369,5.387745116973747,513,1,0,154820,False,registrar.eu,246228
2024-11-25,154512,8351,5.404758206482344,494,1,0,154017,False,registrar.eu,245449
2024-11-26,154531,8340,5.396975364166414,500,1,0,154030,False,registrar.eu,245458
2024-11-27,154425,8334,5.396794560466246,503,1,0,153921,False,registrar.eu,245364
2024-11-28,154145,8325,5.400759025592786,505,0,0,153640,,none,245060
2024-11-29,152831,8289,5.423637874514988,518,1,0,152312,False,registrar.eu,243364
2024-11-30,152566,8281,5.427814847344756,519,1,0,152046,False,registrar.eu,243104
2024-12-01,152378,8289,5.439761645381879,521,1,0,151856,False,registrar.eu,242147
2024-12-02,151442,8312,5.488569881538806,520,1,0,150921,False,registrar.eu,240542
2024-12-03,151212,8341,5.516096606089463,520,2,0,150690,False,domaincontrol.com;registrar.eu,240265
2024-12-04,151276,8370,5.532933181734049,523,1,0,150752,False,registrar.eu,240415
2024-12-05,150977,8379,5.549851964206468,528,0,0,150449,,none,240161
2024-12-06,154453,8323,5.388694295351984,578,3,0,153872,False,registrar.eu;rumahweb.com;rumahweb.net;solidhosting.pro,244358
2024-12-07,154683,8304,5.368398595837939,580,1,0,154102,False,registrar.eu,244817
2024-12-08,154675,8301,5.366736705996445,583,1,0,154091,False,registrar.eu,244844
2024-12-09,153685,8318,5.412369457006214,585,1,0,153099,False,registrar.eu,243808
2024-12-10,152778,8340,5.458901150689235,586,1,0,152191,False,registrar.eu,242885
2024-12-11,152453,8337,5.468570641443592,585,1,0,151867,False,registrar.eu,242601
2024-12-12,151960,8348,5.493550934456436,584,1,0,151375,False,fkzf.com,242379
2024-12-13,152009,8355,5.496385082462223,582,0,0,151427,,none,242407
2024-12-14,152025,8360,5.499095543496136,583,1,0,151441,False,registrar.eu,242493
2024-12-15,152216,8365,5.4954801072160615,584,0,0,151632,,none,242746
2024-12-16,151326,8393,5.546304005920992,586,0,0,150740,,none,241987
2024-12-17,146490,8456,5.772407672878694,578,0,0,145912,,none,236986
2024-12-18,145582,8474,5.820774546303801,587,0,0,144995,,none,236263
2024-12-19,145025,8478,5.845888639889674,589,1,0,144435,False,registrar.eu,235859
2024-12-20,144821,8487,5.860337934415589,592,0,0,144229,,none,235728
2024-12-21,144885,8484,5.855678641681333,594,1,0,144290,False,registrar.eu,235872
2024-12-22,143820,8479,5.895563899318593,582,1,0,143237,False,registrar.eu,234945
2024-12-23,144098,8483,5.886965814931505,560,1,0,143537,False,registrar.eu,235300
2024-12-24,144644,8491,5.870274605237687,559,1,0,144084,False,registrar.eu,236040
2024-12-25,145059,8498,5.858305930690271,583,0,0,144476,,none,236689
2024-12-26,145529,8491,5.834575926447649,583,1,0,144945,False,registrar.eu,237522
2024-12-27,145997,8483,5.8103933642472105,582,1,0,145414,False,registrar.eu,238363
2024-12-28,145392,8519,5.859332012765489,590,1,0,144801,False,registrar.eu,236924
2024-12-29,146097,8541,5.846115936672211,603,1,0,145493,False,registrar.eu,237938
2024-12-30,146393,8535,5.830196799027275,610,1,0,145782,False,registrar.eu,238286
2024-12-31,147304,8521,5.7846358551023735,607,1,0,146696,False,registrar.eu,239364
2025-01-01,147567,8521,5.774326238251099,613,1,0,146953,False,registrar.eu,371779
2025-01-02,149002,8495,5.701265754822083,619,1,0,148382,False,registrar.eu,373994
2025-01-03,151470,8447,5.576681851191656,619,1,0,150850,False,registrar.eu,377512
2025-01-04,151341,8445,5.580113782781929,611,2,0,150728,False,a2hosting.com;registrar.eu,377795
2025-01-05,151512,8459,5.5830561275674535,613,1,0,150898,False,registrar.eu,378438
2025-01-06,151884,8456,5.5674067051170635,614,1,0,151269,False,registrar.eu,380757
2025-01-07,151768,8466,5.578251014706657,617,1,0,151150,False,registrar.eu,379902
2025-01-08,151887,8482,5.584414729371177,623,1,0,151263,False,registrar.eu,380194
2025-01-09,151260,8475,5.60293534311781,618,1,0,150641,False,registrar.eu,379321
2025-01-10,151029,8484,5.61746419561806,619,1,0,150409,False,registrar.eu,379980
2025-01-11,150904,8480,5.61946668080369,618,1,0,150285,False,registrar.eu,380222
2025-01-12,151046,8488,5.619480158362354,620,1,0,150425,False,registrar.eu,379452
2025-01-13,151074,8494,5.622410209566173,616,2,0,150456,False,awsdns-23.org;awsdns-59.com;awsdns-61.net;co.uk;registrar.eu,379607
2025-01-14,151236,8513,5.6289507789150734,621,1,0,150614,False,registrar.eu,379523
2025-01-15,151396,8535,5.637533356231341,622,1,0,150773,False,registrar.eu,378809
2025-01-16,151673,8551,5.637786553968076,622,2,0,151049,False,ezoicns.com;registrar.eu,378257
2025-01-17,151865,8554,5.63263424752247,624,1,0,151240,False,registrar.eu,377846
2025-01-18,152122,8578,5.63889509735607,625,1,0,151496,False,registrar.eu,377030
2025-01-19,152501,8589,5.632094215775634,622,1,0,151878,False,registrar.eu,375759
2025-01-20,152746,8605,5.633535411729277,622,2,0,152122,False,domaincontrol.com;registrar.eu,375234
2025-01-21,150694,8655,5.743427077388615,622,1,0,150071,False,registrar.eu,372460
2025-01-22,146482,8737,5.964555371991098,628,1,0,145853,False,registrar.eu,367915
2025-01-23,146432,8751,5.976152753496503,634,1,0,145797,False,registrar.eu,366588
2025-01-24,146170,8743,5.981391530409797,629,1,0,145540,False,registrar.eu,365651
2025-01-27,145463,8840,6.077146765844235,646,1,0,144816,False,registrar.eu,361415
2025-01-28,145377,8817,6.064920860933985,605,1,0,144771,False,registrar.eu,363685
2025-01-29,145177,8837,6.087052356778278,614,2,0,144561,False,globaldomainserver.net;registrar.eu,363459
2025-01-30,144936,8869,6.119252635646078,611,1,0,144324,False,globaldomainserver.net,362361
2025-01-31,144891,8930,6.163253756271956,618,0,0,144273,,none,358785
2025-02-01,144606,8921,6.169176935950099,622,2,0,143982,False,globaldomainserver.net;selzy.com,357941
2025-02-02,144232,8938,6.196960452604137,632,2,0,143598,False,globaldomainserver.net;selzy.com,357156
2025-02-03,144452,8940,6.188907041785507,630,2,0,143820,False,globaldomainserver.net;selzy.com,357074
2025-02-04,144285,8929,6.188446477457809,630,3,0,143652,False,globaldomainserver.net;registrar.eu;selzy.com,356611
2025-02-05,144661,8947,6.184804473907964,638,3,0,144020,False,globaldomainserver.net;registrar.eu;selzy.com,357153
2025-02-06,149354,8898,5.95765764559369,642,3,0,148709,False,gorbe.ninja;registrar.eu;selzy.com,363302
2025-02-07,147702,8899,6.024969194729929,635,3,0,147064,False,gorbe.ninja;registrar.eu;selzy.com,361354
2025-02-08,146202,8912,6.095675845747664,636,4,0,145562,False,globaldomainserver.net;gorbe.ninja;registrar.eu;selzy.com,359583
2025-02-09,145667,8922,6.1249287759066915,638,5,0,145024,False,globaldomainserver.net;gorbe.ninja;hennepinhealthcare.org;registrar.eu;selzy.com,359015
2025-02-12,144923,9001,6.210884400681741,636,5,0,144282,False,awsdns-19.com;awsdns-27.net;awsdns-54.org;co.uk;globaldomainserver.net;gorbe.ninja;hennepinhealthcare.org;registrar.eu,358752
2025-02-13,145058,8992,6.1988997504446495,640,4,0,144414,False,globaldomainserver.net;gorbe.ninja;hennepinhealthcare.org;registrar.eu,359121
2025-02-14,144982,8972,6.188354416410313,640,5,0,144337,False,globaldomainserver.net;gorbe.ninja;hennepinhealthcare.org;registrar.eu;selzy.com,359098
2025-02-15,145093,8993,6.198093636495213,643,5,0,144445,False,globaldomainserver.net;gorbe.ninja;hennepinhealthcare.org;registrar.eu;selzy.com,359110
2025-02-16,145367,8999,6.190538430317748,645,5,0,144717,False,globaldomainserver.net;gorbe.ninja;hennepinhealthcare.org;registrar.eu;selzy.com,359558
2025-02-17,145821,9006,6.176065175797724,645,5,0,145171,False,globaldomainserver.net;gorbe.ninja;hennepinhealthcare.org;registrar.eu;selzy.com,360450
2025-02-18,145872,8996,6.167050564878798,647,5,0,145220,False,globaldomainserver.net;gorbe.ninja;hennepinhealthcare.org;registrar.eu;selzy.com,360583
2025-02-19,140487,9092,6.47177318897834,650,6,0,139831,False,dns-parking.com;globaldomainserver.net;gorbe.ninja;hennepinhealthcare.org;registrar.eu;selzy.com,353029
2025-02-20,138306,9143,6.6107038017150375,655,5,0,137646,False,globaldomainserver.net;gorbe.ninja;hennepinhealthcare.org;registrar.eu;selzy.com,350520
2025-02-21,138254,9161,6.626209729917399,650,6,0,137598,False,dns-parking.com;globaldomainserver.net;gorbe.ninja;hennepinhealthcare.org;registrar.eu;selzy.com,350539
2025-02-22,138223,9153,6.621908076079958,648,5,0,137570,False,globaldomainserver.net;gorbe.ninja;hennepinhealthcare.org;registrar.eu;selzy.com,351168
2025-02-23,138373,9144,6.608225593143172,648,5,0,137720,False,globaldomainserver.net;gorbe.ninja;hennepinhealthcare.org;registrar.eu;selzy.com,351116
2025-02-24,138468,9139,6.60008088511425,646,4,0,137818,False,globaldomainserver.net;gorbe.ninja;hennepinhealthcare.org;registrar.eu,351464
2025-02-25,138165,9130,6.6080411102667105,648,5,0,137512,False,globaldomainserver.net;gorbe.ninja;hennepinhealthcare.org;registrar.eu;selzy.com,352109
2025-02-26,137513,9120,6.632100237795699,639,5,0,136869,False,globaldomainserver.net;gorbe.ninja;hennepinhealthcare.org;registrar.eu;selzy.com,352040
2025-02-27,0,0,,0,0,0,0,,none,0
2025-02-28,137847,9167,6.650126589624729,638,5,0,137204,False,globaldomainserver.net;gorbe.ninja;hennepinhealthcare.org;registrar.eu;selzy.com,351292
2025-03-01,137798,9152,6.641605828821899,640,5,0,137153,False,globaldomainserver.net;gorbe.ninja;hennepinhealthcare.org;registrar.eu;selzy.com,351226
2025-03-02,137849,9142,6.631894319146313,644,5,0,137200,False,globaldomainserver.net;gorbe.ninja;hennepinhealthcare.org;registrar.eu;selzy.com,351656
2025-03-03,0,0,,0,0,0,0,,none,0
2025-03-04,138448,9154,6.6118687160522365,643,5,0,137800,False,globaldomainserver.net;gorbe.ninja;hennepinhealthcare.org;registrar.eu;selzy.com,352436
2025-03-05,139164,9155,6.578569170187692,647,6,0,138511,False,cdmon.net;cdmondns-01.com;cdmondns-01.org;globaldomainserver.net;gorbe.ninja;hennepinhealthcare.org;registrar.eu;selzy.com,353511
2025-03-06,144649,9082,6.278646931537722,636,5,0,144008,False,globaldomainserver.net;gorbe.ninja;hennepinhealthcare.org;registrar.eu;selzy.com,360479
2025-03-07,144638,9089,6.2839641034859435,637,5,0,143996,False,globaldomainserver.net;gorbe.ninja;hennepinhealthcare.org;registrar.eu;selzy.com,362373
2025-03-08,143849,9101,6.326773213578127,642,7,0,143200,False,globaldomainserver.net;gorbe.ninja;hennepinhealthcare.org;klaviyo.com;registrar.eu;selzy.com;tbhost.co,359497
2025-03-09,143850,9084,6.314911366006257,643,7,0,143200,False,globaldomainserver.net;gorbe.ninja;hennepinhealthcare.org;klaviyo.com;registrar.eu;selzy.com;tbhost.co,359426
2025-03-10,143810,9081,6.314581739795563,650,7,0,143153,False,globaldomainserver.net;gorbe.ninja;hennepinhealthcare.org;klaviyo.com;registrar.eu;selzy.com;tbhost.co,359722
2025-03-11,143296,9082,6.33792987941045,644,7,0,142645,False,globaldomainserver.net;gorbe.ninja;hennepinhealthcare.org;klaviyo.com;registrar.eu;selzy.com;tbhost.co,358766
2025-03-13,143549,9082,6.326759503723467,651,6,0,142892,False,globaldomainserver.net;gorbe.ninja;hennepinhealthcare.org;klaviyo.com;registrar.eu;tbhost.co,359628
2025-03-14,0,0,,0,0,0,0,,none,0
2025-03-15,143742,9085,6.320351741314299,643,17,0,143082,False,foundationdns.com;foundationdns.net;foundationdns.org;globaldomainserver.net;gorbe.ninja;hennepinhealthcare.org;klaviyo.com;registrar.eu;tbhost.co,360094
2025-03-16,143996,9095,6.316147670768632,641,17,0,143338,False,foundationdns.com;foundationdns.net;foundationdns.org;globaldomainserver.net;gorbe.ninja;hennepinhealthcare.org;klaviyo.com;registrar.eu;tbhost.co,359939
2025-03-17,144455,9105,6.303000934547091,645,17,0,143793,False,foundationdns.com;foundationdns.net;foundationdns.org;globaldomainserver.net;gorbe.ninja;hennepinhealthcare.org;klaviyo.com;registrar.eu;tbhost.co,360653
2025-03-18,144517,9113,6.305832531812866,646,17,0,143854,False,foundationdns.com;foundationdns.net;foundationdns.org;globaldomainserver.net;gorbe.ninja;hennepinhealthcare.org;klaviyo.com;registrar.eu;tbhost.co,361025
2025-03-19,0,0,,0,0,0,0,,none,0
2025-03-20,138522,9210,6.648763373326981,651,18,0,137853,False,foundationdns.com;foundationdns.net;foundationdns.org;globaldomainserver.net;gorbe.ninja;hennepinhealthcare.org;klaviyo.com;registrar.eu;tbhost.co,353007
2025-03-21,138429,9197,6.64383907996157,647,19,0,137763,False,foundationdns.com;foundationdns.net;foundationdns.org;globaldomainserver.net;gorbe.ninja;hennepinhealthcare.org;klaviyo.com;registrar.eu;selzy.com;tbhost.co,352909
2025-03-22,0,0,,0,0,0,0,,none,0
2025-03-23,138614,9226,6.655893344106656,650,19,0,137945,False,foundationdns.com;foundationdns.net;foundationdns.org;globaldomainserver.net;gorbe.ninja;hennepinhealthcare.org;klaviyo.com;registrar.eu;selzy.com;tbhost.co,352981
2025-03-24,138760,9226,6.6488901700778325,653,19,0,138088,False,foundationdns.com;foundationdns.net;foundationdns.org;globaldomainserver.net;gorbe.ninja;hennepinhealthcare.org;klaviyo.com;registrar.eu;selzy.com;tbhost.co,353302
2025-03-25,138296,9220,6.666859489790015,651,20,0,137625,False,click.press;foundationdns.com;foundationdns.net;foundationdns.org;globaldomainserver.net;gorbe.ninja;hennepinhealthcare.org;klaviyo.com;registrar.eu;selzy.com;tbhost.co,353632
2025-03-26,137576,9216,6.698842821422341,629,21,0,136926,False,click.press;foundationdns.com;foundationdns.net;foundationdns.org;globaldomainserver.net;gorbe.ninja;hennepinhealthcare.org;klaviyo.com;registrar.eu;sedoparking.com;selzy.com;tbhost.co,352887
2025-03-27,138274,9216,6.665027409346659,627,20,0,137627,False,click.press;foundationdns.com;foundationdns.net;foundationdns.org;globaldomainserver.net;gorbe.ninja;hennepinhealthcare.org;klaviyo.com;registrar.eu;selzy.com;tbhost.co,353267
2025-03-28,138902,9216,6.634893666037926,628,20,0,138254,False,click.press;foundationdns.com;foundationdns.net;foundationdns.org;globaldomainserver.net;gorbe.ninja;hennepinhealthcare.org;klaviyo.com;registrar.eu;selzy.com;tbhost.co,353746
2025-03-29,138921,9214,6.632546555236429,621,20,0,138280,False,click.press;foundationdns.com;foundationdns.net;foundationdns.org;globaldomainserver.net;gorbe.ninja;hennepinhealthcare.org;klaviyo.com;registrar.eu;selzy.com;tbhost.co,353498
2025-03-30,139131,9238,6.639785525871302,623,20,0,138488,False,click.press;foundationdns.com;foundationdns.net;foundationdns.org;globaldomainserver.net;gorbe.ninja;hennepinhealthcare.org;klaviyo.com;registrar.eu;selzy.com;tbhost.co,353779
2025-03-31,139449,9224,6.614604622478469,623,19,0,138807,False,click.press;foundationdns.com;foundationdns.net;foundationdns.org;globaldomainserver.net;gorbe.ninja;hennepinhealthcare.org;registrar.eu;selzy.com;tbhost.co,354402
2025-04-01,139491,9240,6.624083274189732,621,18,0,138852,False,click.press;foundationdns.com;foundationdns.net;foundationdns.org;globaldomainserver.net;gorbe.ninja;hennepinhealthcare.org;registrar.eu;selzy.com,354219
2025-04-02,140590,9217,6.555942812433317,617,18,0,139955,False,click.press;foundationdns.com;foundationdns.net;foundationdns.org;globaldomainserver.net;gorbe.ninja;hennepinhealthcare.org;registrar.eu;selzy.com,355795
2025-04-03,143742,9207,6.405226029970364,614,17,0,143111,False,click.press;foundationdns.com;foundationdns.net;foundationdns.org;gorbe.ninja;hennepinhealthcare.org;registrar.eu;selzy.com,360147
2025-04-04,143650,9201,6.4051514096762965,610,16,0,143024,False,click.press;foundationdns.com;foundationdns.net;foundationdns.org;gorbe.ninja;hennepinhealthcare.org;registrar.eu;selzy.com,359934
2025-04-05,142910,9219,6.450913162130012,609,17,0,142284,False,click.press;foundationdns.com;foundationdns.net;foundationdns.org;globaldomainserver.net;gorbe.ninja;hennepinhealthcare.org;registrar.eu;selzy.com,359062
2025-04-06,142889,9221,6.453260922814212,615,17,0,142257,False,click.press;foundationdns.com;foundationdns.net;foundationdns.org;globaldomainserver.net;gorbe.ninja;hennepinhealthcare.org;registrar.eu;selzy.com,358931
2025-04-07,142756,9226,6.462775645156771,614,17,0,142125,False,click.press;foundationdns.com;foundationdns.net;foundationdns.org;globaldomainserver.net;gorbe.ninja;hennepinhealthcare.org;registrar.eu;selzy.com,358777
2025-04-08,142292,9245,6.497202934810109,615,17,0,141660,False,click.press;foundationdns.com;foundationdns.net;foundationdns.org;globaldomainserver.net;gorbe.ninja;hennepinhealthcare.org;registrar.eu;selzy.com,358015
2025-04-09,142287,9256,6.505162101948877,617,17,0,141653,False,click.press;foundationdns.com;foundationdns.net;foundationdns.org;globaldomainserver.net;gorbe.ninja;hennepinhealthcare.org;registrar.eu;selzy.com,358190
2025-04-10,142277,9279,6.521784968758126,622,17,0,141638,False,click.press;foundationdns.com;foundationdns.net;foundationdns.org;globaldomainserver.net;gorbe.ninja;hennepinhealthcare.org;registrar.eu;selzy.com,358433
2025-04-11,142946,9272,6.486365480671023,627,16,0,142303,False,click.press;foundationdns.com;foundationdns.net;foundationdns.org;gorbe.ninja;hennepinhealthcare.org;registrar.eu;selzy.com,359081
2025-04-12,142874,9275,6.491733975390904,627,16,0,142231,False,click.press;foundationdns.com;foundationdns.net;foundationdns.org;gorbe.ninja;hennepinhealthcare.org;registrar.eu;selzy.com,359075
2025-04-13,142792,9278,6.497562888677237,629,16,0,142147,False,click.press;foundationdns.com;foundationdns.net;foundationdns.org;gorbe.ninja;hennepinhealthcare.org;registrar.eu;selzy.com,359076
2025-04-14,142784,9292,6.5077319587628875,627,16,0,142141,False,click.press;foundationdns.com;foundationdns.net;foundationdns.org;gorbe.ninja;hennepinhealthcare.org;registrar.eu;selzy.com,359131
2025-04-15,142786,9287,6.504139061252504,628,16,0,142142,False,click.press;foundationdns.com;foundationdns.net;foundationdns.org;gorbe.ninja;hennepinhealthcare.org;registrar.eu;selzy.com,359203
2025-04-16,139677,9383,6.7176414155515936,642,17,0,139018,False,click.press;foundationdns.com;foundationdns.net;foundationdns.org;globaldomainserver.net;gorbe.ninja;hennepinhealthcare.org;registrar.eu;selzy.com,354726
2025-04-17,139621,9383,6.720335766109682,641,17,0,138963,False,click.press;foundationdns.com;foundationdns.net;foundationdns.org;globaldomainserver.net;gorbe.ninja;hennepinhealthcare.org;registrar.eu;selzy.com,354841
2025-04-18,138115,9395,6.802302429135142,648,17,0,137450,False,click.press;foundationdns.com;foundationdns.net;foundationdns.org;globaldomainserver.net;gorbe.ninja;hennepinhealthcare.org;registrar.eu;selzy.com,352895
2025-04-22,136969,9378,6.846804751440107,647,17,0,136305,False,foundationdns.com;foundationdns.net;foundationdns.org;globaldomainserver.net;gorbe.ninja;hennepinhealthcare.org;registrar.eu;selzy.com,352210
2025-04-23,136319,9366,6.870648992436858,629,17,0,135673,False,foundationdns.com;foundationdns.net;foundationdns.org;globaldomainserver.net;gorbe.ninja;hennepinhealthcare.org;registrar.eu;selzy.com,351726
2025-04-24,137044,9404,6.862029713084848,636,17,0,136391,False,foundationdns.com;foundationdns.net;foundationdns.org;globaldomainserver.net;gorbe.ninja;hennepinhealthcare.org;registrar.eu;selzy.com,352414
2025-04-25,138130,9382,6.7921523202779985,636,16,0,137478,False,foundationdns.com;foundationdns.net;foundationdns.org;gorbe.ninja;hennepinhealthcare.org;registrar.eu;selzy.com,352869
2025-04-26,138335,9367,6.771243719955181,642,16,0,137677,False,foundationdns.com;foundationdns.net;foundationdns.org;gorbe.ninja;hennepinhealthcare.org;registrar.eu;selzy.com,352961
2025-04-27,138373,9381,6.779501781416895,643,17,0,137713,False,foundationdns.com;foundationdns.net;foundationdns.org;gorbe.ninja;hennepinhealthcare.org;registrar.eu;selzy.com;transnexis.net,353054
2025-04-28,138682,9380,6.763675170534028,651,16,0,138015,False,foundationdns.com;foundationdns.net;foundationdns.org;gorbe.ninja;hennepinhealthcare.org;registrar.eu;selzy.com,353613
2025-04-29,138944,9373,6.745883233532934,654,17,0,138273,False,foundationdns.com;foundationdns.net;foundationdns.org;gorbe.ninja;hennepinhealthcare.org;krystal.uk;registrar.eu;selzy.com,354165
2025-04-30,139158,9388,6.746288391612413,654,16,0,138488,False,foundationdns.com;foundationdns.net;foundationdns.org;gorbe.ninja;hennepinhealthcare.org;registrar.eu;selzy.com,354180
2025-05-01,144496,9317,6.447929354445797,646,16,0,143834,False,foundationdns.com;foundationdns.net;foundationdns.org;gorbe.ninja;hennepinhealthcare.org;registrar.eu;selzy.com,361668
2025-05-02,144599,9310,6.438495425279567,649,16,0,143934,False,foundationdns.com;foundationdns.net;foundationdns.org;gorbe.ninja;hennepinhealthcare.org;registrar.eu;selzy.com,362170
2025-05-03,144070,9325,6.4725480669119175,648,16,0,143406,False,foundationdns.com;foundationdns.net;foundationdns.org;gorbe.ninja;hennepinhealthcare.org;registrar.eu;selzy.com,361293
2025-05-04,144286,9339,6.472561440472395,649,17,0,143620,False,foundationdns.com;foundationdns.net;foundationdns.org;gorbe.ninja;hennepinhealthcare.org;registrar.eu;salla.cloud;selzy.com,361372
2025-05-05,144490,9361,6.478649041456157,652,17,0,143821,False,foundationdns.com;foundationdns.net;foundationdns.org;gorbe.ninja;hennepinhealthcare.org;registrar.eu;salla.cloud;selzy.com,361691
2025-05-06,144072,9372,6.505080792936865,649,17,0,143406,False,foundationdns.com;foundationdns.net;foundationdns.org;gorbe.ninja;hennepinhealthcare.org;registrar.eu;salla.cloud;selzy.com,361256
2025-05-07,144043,9391,6.519580958463791,649,17,0,143377,False,foundationdns.com;foundationdns.net;foundationdns.org;gorbe.ninja;hennepinhealthcare.org;registrar.eu;salla.cloud;selzy.com,361221
2025-05-08,143913,9412,6.5400623988103925,645,17,0,143251,False,foundationdns.com;foundationdns.net;foundationdns.org;gorbe.ninja;hennepinhealthcare.org;registrar.eu;salla.cloud;selzy.com,361207
2025-05-09,143950,9410,6.53699201111497,647,17,0,143286,False,foundationdns.com;foundationdns.net;foundationdns.org;gorbe.ninja;hennepinhealthcare.org;registrar.eu;salla.cloud;selzy.com,361761
2025-05-10,144105,9415,6.533430484716006,645,17,0,143443,False,foundationdns.com;foundationdns.net;foundationdns.org;gorbe.ninja;hennepinhealthcare.org;registrar.eu;salla.cloud;selzy.com,361976
2025-05-11,144248,9433,6.539432089179746,643,17,0,143588,False,foundationdns.com;foundationdns.net;foundationdns.org;gorbe.ninja;hennepinhealthcare.org;registrar.eu;salla.cloud;selzy.com,362451
2025-05-12,144440,9459,6.548739961229575,645,17,0,143778,False,foundationdns.com;foundationdns.net;foundationdns.org;gorbe.ninja;hennepinhealthcare.org;registrar.eu;salla.cloud;selzy.com,362645
2025-05-13,144628,9468,6.5464502032801395,669,17,0,143942,False,foundationdns.com;foundationdns.net;foundationdns.org;gorbe.ninja;hennepinhealthcare.org;registrar.eu;salla.cloud;selzy.com,363402
2025-05-14,144960,9493,6.548703090507726,678,17,0,144265,False,foundationdns.com;foundationdns.net;foundationdns.org;gorbe.ninja;hennepinhealthcare.org;registrar.eu;salla.cloud;selzy.com,364051
2025-05-15,145416,9484,6.521978324255928,676,17,0,144723,False,foundationdns.com;foundationdns.net;foundationdns.org;gorbe.ninja;hennepinhealthcare.org;registrar.eu;salla.cloud;selzy.com,364737
2025-05-16,145694,9467,6.497865389103189,679,17,0,144998,False,foundationdns.com;foundationdns.net;foundationdns.org;gorbe.ninja;hennepinhealthcare.org;registrar.eu;salla.cloud;selzy.com,365482
2025-05-17,145990,9469,6.486060689088294,676,17,0,145297,False,foundationdns.com;foundationdns.net;foundationdns.org;gorbe.ninja;hennepinhealthcare.org;registrar.eu;salla.cloud;selzy.com,366228
2025-05-18,146346,9496,6.488732182635672,680,18,0,145648,False,bunny.net;foundationdns.com;foundationdns.net;foundationdns.org;gorbe.ninja;hennepinhealthcare.org;registrar.eu;salla.cloud;selzy.com,366891
2025-05-19,146795,9500,6.471610068462823,680,18,0,146097,False,bunny.net;foundationdns.com;foundationdns.net;foundationdns.org;gorbe.ninja;hennepinhealthcare.org;registrar.eu;salla.cloud;selzy.com,367682
2025-05-20,146875,9500,6.468085106382978,684,18,0,146173,False,bunny.net;foundationdns.com;foundationdns.net;foundationdns.org;gorbe.ninja;hennepinhealthcare.org;registrar.eu;salla.cloud;selzy.com,367819
2025-05-21,142771,9567,6.700940667222335,717,19,0,142035,False,bunny.net;foundationdns.com;foundationdns.net;foundationdns.org;gorbe.ninja;hennepinhealthcare.org;registrar.eu;salla.cloud;selzy.com,361566
2025-05-22,141951,9583,6.750921092489662,669,19,0,141263,False,bunny.net;foundationdns.com;foundationdns.net;foundationdns.org;gorbe.ninja;hennepinhealthcare.org;registrar.eu;salla.cloud;selzy.com,360522
2025-05-23,142064,9602,6.75892555467958,656,19,0,141389,False,bunny.net;foundationdns.com;foundationdns.net;foundationdns.org;gorbe.ninja;hennepinhealthcare.org;registrar.eu;salla.cloud;selzy.com,360642
2025-05-24,142139,9588,6.745509677147019,656,19,0,141464,False,bunny.net;foundationdns.com;foundationdns.net;foundationdns.org;gorbe.ninja;hennepinhealthcare.org;registrar.eu;salla.cloud;selzy.com,360924
2025-05-25,142212,9592,6.744859786797177,660,19,0,141533,False,bunny.net;foundationdns.com;foundationdns.net;foundationdns.org;gorbe.ninja;hennepinhealthcare.org;registrar.eu;salla.cloud;selzy.com,361239
2025-05-26,142252,9598,6.747181058965779,665,18,0,141569,False,bunny.net;foundationdns.com;foundationdns.net;foundationdns.org;gorbe.ninja;hennepinhealthcare.org;salla.cloud;selzy.com,361969
2025-05-27,141197,9593,6.794053698024746,684,19,0,140494,False,bunny.net;foundationdns.com;foundationdns.net;foundationdns.org;gorbe.ninja;hennepinhealthcare.org;registrar.eu;salla.cloud;selzy.com,362774
2025-05-28,141183,9593,6.79472741052393,672,19,0,140492,False,bunny.net;foundationdns.com;foundationdns.net;foundationdns.org;gorbe.ninja;hennepinhealthcare.org;registrar.eu;salla.cloud;selzy.com,362435
2025-05-29,141179,9601,6.800586489492064,673,19,0,140487,False,bunny.net;foundationdns.com;foundationdns.net;foundationdns.org;gorbe.ninja;hennepinhealthcare.org;registrar.eu;salla.cloud;selzy.com,362646
2025-05-30,142518,9590,6.728974585666372,675,19,0,141824,False,bunny.net;foundationdns.com;foundationdns.net;foundationdns.org;gorbe.ninja;hennepinhealthcare.org;registrar.eu;salla.cloud;selzy.com,363766
2025-05-31,142529,9593,6.730560096541756,676,19,0,141834,False,bunny.net;foundationdns.com;foundationdns.net;foundationdns.org;gorbe.ninja;hennepinhealthcare.org;registrar.eu;salla.cloud;selzy.com,363963
2025-06-01,141125,9609,6.808857395925598,672,19,0,140434,False,bunny.net;foundationdns.com;foundationdns.net;foundationdns.org;gorbe.ninja;hennepinhealthcare.org;registrar.eu;salla.cloud;selzy.com,363123
2025-06-02,142480,9607,6.742700729927008,676,19,0,141785,False,bunny.net;foundationdns.com;foundationdns.net;foundationdns.org;gorbe.ninja;hennepinhealthcare.org;registrar.eu;salla.cloud;selzy.com,364367
2025-06-03,142164,9604,6.7555780647702655,679,20,0,141465,False,bunny.net;foundationdns.com;foundationdns.net;foundationdns.org;gorbe.ninja;hennepinhealthcare.org;registrar-servers.com;registrar.eu;salla.cloud;selzy.com,364372
2025-06-04,142119,9596,6.75208803889698,675,21,0,141423,False,bunny.net;foundationdns.com;foundationdns.net;foundationdns.org;gorbe.ninja;hennepinhealthcare.org;jagoanhosting.com;registrar.eu;salla.cloud;selzy.com,365300
2025-06-05,142098,9595,6.75238215879182,675,22,0,141401,False,bunny.net;foundationdns.com;foundationdns.net;foundationdns.org;gorbe.ninja;hennepinhealthcare.org;registrar-servers.com;registrar.eu;salla.cloud;selzy.com;spaceship.net,365434
2025-06-06,142298,9529,6.6965101406906635,671,22,0,141605,False,bunny.net;foundationdns.com;foundationdns.net;foundationdns.org;gorbe.ninja;hennepinhealthcare.org;reg.ru;registrar.eu;salla.cloud;selzy.com;spaceship.net,366446
2025-06-07,142264,9528,6.697407636506776,671,22,0,141571,False,bunny.net;foundationdns.com;foundationdns.net;foundationdns.org;gorbe.ninja;hennepinhealthcare.org;reg.ru;registrar.eu;salla.cloud;selzy.com;spaceship.net,366534
2025-06-08,142293,9532,6.698853773551757,670,22,0,141601,False,bunny.net;foundationdns.com;foundationdns.net;foundationdns.org;gorbe.ninja;hennepinhealthcare.org;reg.ru;registrar.eu;salla.cloud;selzy.com;spaceship.net,366488
2025-06-09,145354,9410,6.473850048846265,657,22,0,144675,False,bunny.net;foundationdns.com;foundationdns.net;foundationdns.org;gorbe.ninja;hennepinhealthcare.org;reg.ru;registrar.eu;salla.cloud;selzy.com;spaceship.net,371954
2025-06-10,144563,9372,6.482986656336684,811,22,0,143730,False,bunny.net;foundationdns.com;foundationdns.net;foundationdns.org;gorbe.ninja;hennepinhealthcare.org;reg.ru;registrar.eu;salla.cloud;selzy.com;spaceship.net,374013
2025-06-11,144376,9353,6.478223527456087,813,22,0,143541,False,bunny.net;foundationdns.com;foundationdns.net;foundationdns.org;gorbe.ninja;hennepinhealthcare.org;reg.ru;registrar.eu;salla.cloud;selzy.com;spaceship.net,375635
2025-06-12,144661,9333,6.451635202300551,807,22,0,143832,False,bunny.net;foundationdns.com;foundationdns.net;foundationdns.org;gorbe.ninja;hennepinhealthcare.org;reg.ru;registrar.eu;salla.cloud;selzy.com;spaceship.net,375912
2025-06-13,144609,9310,6.438050190513731,783,21,0,143805,False,bunny.net;foundationdns.com;foundationdns.net;foundationdns.org;gorbe.ninja;hennepinhealthcare.org;reg.ru;salla.cloud;selzy.com;spaceship.net,376138
2025-06-14,144722,9324,6.442697032932104,767,21,0,143934,False,bunny.net;foundationdns.com;foundationdns.net;foundationdns.org;gorbe.ninja;hennepinhealthcare.org;reg.ru;salla.cloud;selzy.com;spaceship.net,376398
2025-06-15,144966,9331,6.436681704675578,767,21,0,144178,False,bunny.net;foundationdns.com;foundationdns.net;foundationdns.org;gorbe.ninja;hennepinhealthcare.org;reg.ru;salla.cloud;selzy.com;spaceship.net,376800
2025-06-18,139859,9342,6.679584438613174,768,21,0,139070,False,bunny.net;foundationdns.com;foundationdns.net;foundationdns.org;gorbe.ninja;hennepinhealthcare.org;reg.ru;salla.cloud;selzy.com;spaceship.net,375101
2025-06-19,139799,9323,6.668860292276769,768,21,0,139010,False,bunny.net;foundationdns.com;foundationdns.net;foundationdns.org;gorbe.ninja;hennepinhealthcare.org;reg.ru;salla.cloud;selzy.com;spaceship.net,377173
2025-06-20,139799,9325,6.670290917674661,761,21,0,139017,False,bunny.net;foundationdns.com;foundationdns.net;foundationdns.org;gorbe.ninja;hennepinhealthcare.org;reg.ru;salla.cloud;selzy.com;spaceship.net,378281
2025-06-21,139949,9334,6.669572487120308,761,20,0,139168,False,bunny.net;foundationdns.com;foundationdns.net;foundationdns.org;gorbe.ninja;hennepinhealthcare.org;reg.ru;salla.cloud;selzy.com,376520
2025-06-22,139934,9349,6.68100676032987,764,21,0,139149,False,bunny.net;foundationdns.com;foundationdns.net;foundationdns.org;gorbe.ninja;hennepinhealthcare.org;reg.ru;registrar.eu;salla.cloud;selzy.com,377693
2025-06-23,139210,9380,6.738021693843834,783,22,0,138405,False,bunny.net;dns-parking.com;foundationdns.com;foundationdns.net;foundationdns.org;gorbe.ninja;hennepinhealthcare.org;reg.ru;registrar.eu;salla.cloud;selzy.com,376342
2025-06-24,137823,9381,6.806556235171198,774,21,0,137028,False,bunny.net;foundationdns.com;foundationdns.net;foundationdns.org;gorbe.ninja;hennepinhealthcare.org;reg.ru;registrar.eu;salla.cloud;selzy.com,374779
2025-06-25,138027,9402,6.811710752244126,772,23,0,137232,False,bunny.net;dns-parking.com;foundationdns.com;foundationdns.net;foundationdns.org;gorbe.ninja;hennepinhealthcare.org;reg.ru;registrar.eu;salla.cloud;selzy.com,374691
2025-06-26,138244,9409,6.806081999942132,775,22,0,137447,False,bunny.net;foundationdns.com;foundationdns.net;foundationdns.org;gorbe.ninja;hennepinhealthcare.org;reg.ru;registrar.eu;salla.cloud;selzy.com,374141
2025-06-27,139144,9410,6.7627781291324105,778,21,0,138345,False,bunny.net;foundationdns.com;foundationdns.net;foundationdns.org;gorbe.ninja;hennepinhealthcare.org;reg.ru;registrar.eu;salla.cloud;selzy.com,374521
2025-06-28,138572,9418,6.79646681869353,782,22,0,137768,False,bunny.net;dns-parking.com;foundationdns.com;foundationdns.net;foundationdns.org;gorbe.ninja;hennepinhealthcare.org;reg.ru;registrar.eu;salla.cloud;selzy.com,374499
2025-06-29,138429,9407,6.795541396672662,793,21,0,137615,False,bunny.net;foundationdns.com;foundationdns.net;foundationdns.org;gorbe.ninja;hennepinhealthcare.org;reg.ru;registrar.eu;salla.cloud;selzy.com,374776
2025-06-30,138346,9384,6.782993364463014,801,22,0,137523,False,bunny.net;foundationdns.com;foundationdns.net;foundationdns.org;gorbe.ninja;hennepinhealthcare.org;reg.ru;registrar.eu;salla.cloud;selzy.com,375155
2025-07-01,138675,9387,6.769064359113034,795,21,0,137859,False,bunny.net;foundationdns.com;foundationdns.net;foundationdns.org;gorbe.ninja;hennepinhealthcare.org;reg.ru;registrar.eu;salla.cloud;selzy.com,375248
2025-07-02,138673,9388,6.769883106300433,808,21,0,137844,False,bunny.net;foundationdns.com;foundationdns.net;foundationdns.org;gorbe.ninja;hennepinhealthcare.org;hostiran.net;reg.ru;registrar.eu;salla.cloud;selzy.com,374683
2025-07-03,144560,9250,6.398727172108468,784,19,0,143757,False,bunny.net;foundationdns.com;foundationdns.net;foundationdns.org;gorbe.ninja;hennepinhealthcare.org;registrar.eu;salla.cloud;selzy.com,384210
2025-07-04,145079,9258,6.381350850226427,785,18,0,144276,False,foundationdns.com;foundationdns.net;foundationdns.org;gorbe.ninja;hennepinhealthcare.org;registrar.eu;salla.cloud;selzy.com,385288
2025-07-05,145047,9259,6.3834481237116245,785,19,0,144243,False,bunny.net;foundationdns.com;foundationdns.net;foundationdns.org;gorbe.ninja;hennepinhealthcare.org;registrar.eu;salla.cloud;selzy.com,385728
2025-07-06,143905,9246,6.42507209617456,780,18,0,143107,False,foundationdns.com;foundationdns.net;foundationdns.org;gorbe.ninja;hennepinhealthcare.org;registrar.eu;salla.cloud;selzy.com,385414
2025-07-07,143662,9233,6.426890896688059,781,18,0,142863,False,foundationdns.com;foundationdns.net;foundationdns.org;gorbe.ninja;hennepinhealthcare.org;registrar.eu;salla.cloud;selzy.com,385326
2025-07-08,143669,9230,6.42448962545852,779,19,0,142871,False,co.id;foundationdns.com;foundationdns.net;foundationdns.org;gorbe.ninja;hennepinhealthcare.org;registrar.eu;salla.cloud;selzy.com,385790
2025-07-09,143608,9231,6.4279148793939065,765,19,0,142824,False,foundationdns.com;foundationdns.net;foundationdns.org;gorbe.ninja;hennepinhealthcare.org;premiercloudsrv.com;registrar.eu;salla.cloud;selzy.com,385887
2025-07-10,143798,9244,6.428462148291353,762,18,0,143018,False,foundationdns.com;foundationdns.net;foundationdns.org;gorbe.ninja;hennepinhealthcare.org;registrar.eu;salla.cloud;selzy.com,387632
2025-07-11,143874,9242,6.423676272293813,764,19,0,143091,False,foundationdns.com;foundationdns.net;foundationdns.org;gorbe.ninja;hennepinhealthcare.org;n0c.com;registrar.eu;salla.cloud;selzy.com,387460
2025-07-12,144048,9250,6.4214706209041434,762,18,0,143268,False,foundationdns.com;foundationdns.net;foundationdns.org;gorbe.ninja;hennepinhealthcare.org;registrar.eu;salla.cloud;selzy.com,387914
2025-07-13,144369,9250,6.407192679868946,765,18,0,143586,False,foundationdns.com;foundationdns.net;foundationdns.org;gorbe.ninja;hennepinhealthcare.org;registrar.eu;salla.cloud;selzy.com,388621
2025-07-14,143686,9260,6.4446083821666695,777,18,0,142891,False,foundationdns.com;foundationdns.net;foundationdns.org;gorbe.ninja;hennepinhealthcare.org;registrar.eu;salla.cloud;selzy.com,387730
2025-07-22,135822,9425,6.93922928538823,754,18,0,135050,False,foundationdns.com;foundationdns.net;foundationdns.org;gorbe.ninja;hennepinhealthcare.org;registrar.eu;salla.cloud;selzy.com,378554
2025-07-23,136004,9436,6.938031234375459,756,19,0,135229,False,foundationdns.com;foundationdns.net;foundationdns.org;gorbe.ninja;hennepinhealthcare.org;inhostedns.com;inhostedns.net;inhostedns.org;registrar.eu;salla.cloud;selzy.com,379255
2025-07-24,137141,9418,6.867384662500638,748,17,0,136376,False,foundationdns.com;foundationdns.net;foundationdns.org;gorbe.ninja;hennepinhealthcare.org;registrar.eu;salla.cloud,379191
2025-07-25,137331,9436,6.870990526538072,751,18,0,136562,False,foundationdns.com;foundationdns.net;foundationdns.org;gorbe.ninja;hennepinhealthcare.org;registrar.eu;salla.cloud,379403
2025-07-26,137503,9449,6.871850068725774,746,18,0,136739,False,foundationdns.com;foundationdns.net;foundationdns.org;gorbe.ninja;hennepinhealthcare.org;registrar.eu;salla.cloud,379686
2025-07-27,137603,9487,6.894471777504851,755,18,0,136830,False,foundationdns.com;foundationdns.net;foundationdns.org;gorbe.ninja;hennepinhealthcare.org;registrar.eu;salla.cloud,379625
2025-07-28,138386,9519,6.878585984131343,768,18,0,137600,False,foundationdns.com;foundationdns.net;foundationdns.org;gorbe.ninja;hennepinhealthcare.org;registrar.eu;salla.cloud,380547
2025-07-29,139248,9542,6.852522118809606,769,18,0,138461,False,foundationdns.com;foundationdns.net;foundationdns.org;gorbe.ninja;hennepinhealthcare.org;registrar.eu;salla.cloud,381793
2025-07-30,145648,9461,6.495798088542239,761,19,0,144868,False,domaincontrol.com;foundationdns.com;foundationdns.net;foundationdns.org;gorbe.ninja;hennepinhealthcare.org;registrar.eu;salla.cloud,390434
