date,num_httpsrr
2024-04-01,90169
2024-04-02,89737
2024-04-03,89146
2024-04-04,88856
2024-04-05,88561
2024-04-06,88294
2024-04-07,87277
2024-04-08,87044
2024-04-09,86913
2024-04-10,86710
2024-04-11,86466
2024-04-12,86454
2024-04-13,87180
2024-04-14,86989
2024-04-15,86825
2024-04-16,86825
2024-04-17,86825
2024-04-18,86825
2024-04-19,86825
2024-04-20,86825
2024-04-21,86825
2024-04-22,86709
2024-04-23,86510
2024-04-24,86378
2024-04-25,86401
2024-04-26,86283
2024-04-27,86156
2024-04-28,86173
2024-04-29,86065
2024-04-30,85501
2024-05-01,84952
2024-05-02,84863
2024-05-03,84706
2024-05-04,84254
2024-05-05,83283
2024-05-06,83270
2024-05-07,83279
2024-05-08,83255
2024-05-09,83250
2024-05-10,83266
2024-05-11,83325
2024-05-12,83352
2024-05-13,83286
2024-05-14,83250
2024-05-15,83185
2024-05-16,83091
2024-05-17,82944
2024-05-18,83831
2024-05-19,84244
2024-05-20,84190
2024-05-21,84113
2024-05-22,84752
2024-05-23,85023
2024-05-24,85109
2024-05-25,85106
2024-05-26,85048
2024-05-27,84997
2024-05-28,85135
2024-05-29,85078
2024-05-30,85056
2024-05-31,85113
2024-06-01,85100
2024-06-02,85003
2024-06-03,84977
2024-06-04,85006
2024-06-05,84722
2024-06-06,84107
2024-06-07,84182
2024-06-08,84120
2024-06-09,83223
2024-06-10,83126
2024-06-11,83276
2024-06-12,83259
2024-06-13,83154
2024-06-14,83087
2024-06-15,83070
2024-06-16,84489
2024-06-17,84456
2024-06-18,84474
2024-06-19,84430
2024-06-20,85279
2024-06-21,85375
2024-06-22,85395
2024-06-23,85441
2024-06-24,85419
2024-06-25,85376
2024-06-26,85398
2024-06-27,85364
2024-06-28,85318
2024-06-29,85230
2024-06-30,85183
2024-07-01,85122
2024-07-02,84513
2024-07-03,84228
2024-07-04,84138
2024-07-05,84186
2024-07-06,83438
2024-07-07,82748
2024-07-08,82721
2024-07-09,82842
2024-07-10,82732
2024-07-11,82735
2024-07-12,82771
2024-07-13,82724
2024-07-14,82949
2024-07-15,84099
2024-07-16,84085
2024-07-17,84140
2024-07-18,84128
2024-07-19,84355
2024-07-20,84874
2024-07-21,84899
2024-07-22,84857
2024-07-23,84885
2024-07-24,84927
2024-07-25,84937
2024-07-26,84924
2024-07-27,84964
2024-07-28,84171
2024-07-29,84082
2024-07-30,84079
2024-07-31,84109
2024-08-01,84084
2024-08-02,84212
2024-08-03,83208
2024-08-04,83263
2024-08-05,83277
2024-08-06,83321
2024-08-07,83399
2024-08-08,83410
2024-08-09,83457
2024-08-10,83520
2024-08-11,83574
2024-08-12,83667
2024-08-13,83895
2024-08-14,83891
2024-08-15,83915
2024-08-16,83962
2024-08-17,84007
2024-08-18,84124
2024-08-19,84914
2024-08-20,85606
2024-08-21,85761
2024-08-22,85830
2024-08-23,85910
2024-08-24,86101
2024-08-25,86832
2024-08-26,86917
2024-08-27,86997
2024-08-28,87053
2024-08-29,87161
2024-08-30,87155
2024-08-31,87194
2024-09-01,86595
2024-09-02,86602
2024-09-03,86511
2024-09-04,84595
2024-09-05,84595
2024-09-06,84014
2024-09-07,83599
2024-09-08,83598
2024-09-09,83670
2024-09-10,83775
2024-09-11,83770
2024-09-12,83777
2024-09-13,83880
2024-09-14,83949
2024-09-15,83928
2024-09-16,84534
2024-09-17,85015
2024-09-18,85022
2024-09-19,85037
2024-09-20,85090
2024-09-21,85427
2024-09-22,85890
2024-09-23,85899
2024-09-24,85981
2024-09-25,85976
2024-09-26,85955
2024-09-27,85971
2024-09-28,85958
2024-09-29,85614
2024-09-30,85323
2024-10-01,85319
2024-10-02,85206
2024-10-03,85222
2024-10-04,84641
2024-10-05,84352
2024-10-06,84361
2024-10-07,84362
2024-10-08,84423
2024-10-09,84381
2024-10-10,84402
2024-10-11,84366
2024-10-12,84350
2024-10-13,84318
2024-10-14,84547
2024-10-15,85368
2024-10-16,85337
2024-10-17,85365
2024-10-18,85407
2024-10-19,85426
2024-10-20,86063
2024-10-21,86130
2024-10-22,86132
2024-10-23,86065
2024-10-24,86046
2024-10-25,86060
2024-10-26,85839
2024-10-27,85417
2024-10-28,85337
2024-10-29,85336
2024-10-30,85207
2024-10-31,85176
2024-11-01,84251
2024-11-02,84342
2024-11-03,84345
2024-11-04,84287
2024-11-05,84339
2024-11-06,84167
2024-11-07,84081
2024-11-08,84000
2024-11-09,83974
2024-11-10,83943
2024-11-11,83790
2024-11-12,83783
2024-11-13,83730
2024-11-14,83670
2024-11-15,83631
2024-11-16,83592
2024-11-17,83488
2024-11-18,83318
2024-11-19,83982
2024-11-20,84149
2024-11-21,84094
2024-11-22,84022
2024-11-23,83955
2024-11-24,83908
2024-11-25,84333
2024-11-26,84270
2024-11-27,84219
2024-11-28,84148
2024-11-29,84259
2024-11-30,84200
2024-12-01,83858
2024-12-02,83707
2024-12-03,83705
2024-12-04,83642
2024-12-05,83655
2024-12-06,83027
2024-12-07,82884
2024-12-08,82868
2024-12-09,82832
2024-12-10,82934
2024-12-11,82886
2024-12-12,82928
2024-12-13,82892
2024-12-14,82885
2024-12-15,82847
2024-12-16,82988
2024-12-17,83790
2024-12-18,83812
2024-12-19,83838
2024-12-20,83882
2024-12-21,83902
2024-12-22,84422
2024-12-23,84453
2024-12-24,84403
2024-12-25,84344
2024-12-26,84318
2024-12-27,84260
2024-12-28,83701
2024-12-29,83616
2024-12-30,83556
2024-12-31,83523
2025-01-01,90932
2025-01-02,90689
2025-01-03,90043
2025-01-04,90361
2025-01-05,90236
2025-01-06,90210
2025-01-07,90206
2025-01-08,90201
2025-01-09,90227
2025-01-10,90317
2025-01-11,90484
2025-01-12,90711
2025-01-13,90545
2025-01-14,90710
2025-01-15,90711
2025-01-16,90837
2025-01-17,90929
2025-01-18,91003
2025-01-19,91086
2025-01-20,91126
2025-01-21,91667
2025-01-22,92210
2025-01-23,92353
2025-01-24,92581
2025-01-27,92723
2025-01-28,93225
2025-01-29,93268
2025-01-30,93365
2025-01-31,92945
2025-02-01,93001
2025-02-02,93074
2025-02-03,93083
2025-02-04,93071
2025-02-05,93087
2025-02-06,92128
2025-02-07,92151
2025-02-08,92362
2025-02-09,92333
2025-02-12,92614
2025-02-13,92627
2025-02-14,92525
2025-02-15,92538
2025-02-16,92437
2025-02-17,92331
2025-02-18,92415
2025-02-19,93225
2025-02-20,93581
2025-02-21,93695
2025-02-22,93842
2025-02-23,93650
2025-02-24,93638
2025-02-25,93960
2025-02-26,94372
2025-02-27,0
2025-02-28,93698
2025-03-01,93656
2025-03-02,93592
2025-03-03,0
2025-03-04,93564
2025-03-05,93343
2025-03-06,92517
2025-03-07,92535
2025-03-08,92701
2025-03-09,92602
2025-03-10,92516
2025-03-11,92750
2025-03-13,92563
2025-03-14,0
2025-03-15,92752
2025-03-16,92579
2025-03-17,92447
2025-03-18,92493
2025-03-19,0
2025-03-20,93399
2025-03-21,93352
2025-03-22,0
2025-03-23,93253
2025-03-24,93238
2025-03-25,93878
2025-03-26,93934
2025-03-27,93584
2025-03-28,93431
2025-03-29,93302
2025-03-30,93255
2025-03-31,93081
2025-04-01,92979
2025-04-02,92568
2025-04-03,92025
2025-04-04,92044
2025-04-05,92189
2025-04-06,92058
2025-04-07,91992
2025-04-08,92016
2025-04-09,92144
2025-04-10,92032
2025-04-11,91805
2025-04-12,91678
2025-04-13,91773
2025-04-14,91688
2025-04-15,91725
2025-04-16,91827
2025-04-17,91816
2025-04-18,91793
2025-04-22,91898
2025-04-23,92089
2025-04-24,91804
2025-04-25,91463
2025-04-26,91324
2025-04-27,91327
2025-04-28,91264
2025-04-29,91500
2025-04-30,91275
2025-05-01,90461
2025-05-02,90689
2025-05-03,90740
2025-05-04,90844
2025-05-05,90751
2025-05-06,90967
2025-05-07,91080
2025-05-08,91039
2025-05-09,91243
2025-05-10,91317
2025-05-11,91382
2025-05-12,91438
2025-05-13,91414
2025-05-14,91449
2025-05-15,91315
2025-05-16,91595
2025-05-17,91460
2025-05-18,91340
2025-05-19,91257
2025-05-20,91171
2025-05-21,91872
2025-05-22,91945
2025-05-23,91921
2025-05-24,92057
2025-05-25,91948
2025-05-26,91994
2025-05-27,92430
2025-05-28,92505
2025-05-29,92548
2025-05-30,91850
2025-05-31,91967
2025-06-01,92896
2025-06-02,91932
2025-06-03,91989
2025-06-04,92008
2025-06-05,91999
2025-06-06,91708
2025-06-07,91730
2025-06-08,91765
2025-06-09,90564
2025-06-10,90326
2025-06-11,90014
2025-06-12,89913
2025-06-13,89688
2025-06-14,89548
2025-06-15,89394
2025-06-18,89936
2025-06-19,89760
2025-06-20,90265
2025-06-21,89476
2025-06-22,90054
2025-06-23,89695
2025-06-24,90086
2025-06-25,90015
2025-06-26,89721
2025-06-27,89125
2025-06-28,88933
2025-06-29,88816
2025-06-30,88705
2025-07-01,88569
2025-07-02,88175
2025-07-03,87452
2025-07-04,87453
2025-07-05,87654
2025-07-06,87158
2025-07-07,87132
2025-07-08,87133
2025-07-09,86891
2025-07-10,86933
2025-07-11,86810
2025-07-12,86670
2025-07-13,86449
2025-07-14,86237
2025-07-22,87166
2025-07-23,86962
2025-07-24,86289
2025-07-25,86088
2025-07-26,86051
2025-07-27,85891
2025-07-28,85791
2025-07-29,85666
2025-07-30,84598
