date,num_rrsig,num_httpsrr,rrsig_perc
2024-04-01,17804,99413,17.909126572983393
2024-04-02,17774,98991,17.955167641502744
2024-04-03,17706,98349,18.003233383155884
2024-04-04,17684,98022,18.04084797290402
2024-04-05,17669,97713,18.082547869781894
2024-04-06,17652,97429,18.117808865943385
2024-04-07,17529,96320,18.198712624584697
2024-04-08,17510,96053,18.22951911965267
2024-04-09,17502,95925,18.24550430023454
2024-04-10,17476,95720,18.257417467613855
2024-04-11,17454,95486,18.27911945206625
2024-04-12,17471,95480,18.29807289484707
2024-04-13,17601,96290,18.279156714092824
2024-04-14,17591,96094,18.306033675359526
2024-04-15,17582,95919,18.330049312440686
2024-04-16,17582,95919,18.330049312440686
2024-04-17,17582,95919,18.330049312440686
2024-04-18,17582,95919,18.330049312440686
2024-04-19,17582,95919,18.330049312440686
2024-04-20,17582,95919,18.330049312440686
2024-04-21,17582,95919,18.330049312440686
2024-04-22,17188,93177,18.446612361419643
2024-04-23,17624,95690,18.417807503396364
2024-04-24,17623,95555,18.442781644079307
2024-04-25,17634,95583,18.448887354445855
2024-04-26,17624,95439,18.46624545521221
2024-04-27,17613,95303,18.48105516090782
2024-04-28,17598,95321,18.46182897787474
2024-04-29,17589,95186,18.47855777110077
2024-04-30,17524,94612,18.521963387308144
2024-05-01,17453,94004,18.566231224203204
2024-05-02,17439,93902,18.571489425145344
2024-05-03,17438,93745,18.601525414688762
2024-05-04,17386,93250,18.644504021447702
2024-05-05,17258,92196,18.718816434552455
2024-05-06,17284,92219,18.742341599887204
2024-05-07,17272,92197,18.733798279770472
2024-05-08,17277,92174,18.743897411417517
2024-05-09,17265,92155,18.734740383050276
2024-05-10,17273,92140,18.746472758845215
2024-05-11,17291,92209,18.751965643266907
2024-05-12,17296,92245,18.750067754349807
2024-05-13,17288,92173,18.75603484751498
2024-05-14,17295,92132,18.771979333999024
2024-05-15,17300,92075,18.78903068150962
2024-05-16,17285,91975,18.79315031258492
2024-05-17,17281,91823,18.81990351001381
2024-05-18,17397,92777,18.751414682518277
2024-05-19,17462,93249,18.726206179154715
2024-05-20,17478,93199,18.753420101074024
2024-05-21,17480,93149,18.76563355484222
2024-05-22,17542,93809,18.699698323188585
2024-05-23,17584,94131,18.68034972538269
2024-05-24,17595,94127,18.692829900028663
2024-05-25,17587,94101,18.689493204110455
2024-05-26,17602,94043,18.71696989674934
2024-05-27,17609,94013,18.730388350547244
2024-05-28,17606,94157,18.698556665994012
2024-05-29,17606,94117,18.70650360721228
2024-05-30,17611,94117,18.71181614373597
2024-05-31,17618,94184,18.705937314193473
2024-06-01,17623,94188,18.71045143755041
2024-06-02,17618,94096,18.7234313892195
2024-06-03,17630,94071,18.74116358920388
2024-06-04,17629,94107,18.732931662894345
2024-06-05,17609,93823,18.768319068885006
2024-06-06,17524,93119,18.818930615663806
2024-06-07,17547,93222,18.822810066293343
2024-06-08,17559,93174,18.84538605190287
2024-06-09,17442,92181,18.921469717186817
2024-06-10,17441,92097,18.9376418341531
2024-06-11,17479,92264,18.944550420532366
2024-06-12,17484,92259,18.95099665073324
2024-06-13,17491,92171,18.976684640505127
2024-06-14,17508,92134,19.0027568541472
2024-06-15,17514,92135,19.009062788299758
2024-06-16,17660,93678,18.851811524584193
2024-06-17,17669,93664,18.86423812777586
2024-06-18,17684,93700,18.87299893276412
2024-06-19,17699,93681,18.89283846244167
2024-06-20,17789,94638,18.796889198841882
2024-06-21,17832,94782,18.81369880357028
2024-06-22,17843,94798,18.822127049093844
2024-06-23,17860,94869,18.825960008011027
2024-06-24,17875,94868,18.841969895011996
2024-06-25,17853,94800,18.832278481012636
2024-06-26,17848,94803,18.826408446990055
2024-06-27,17807,94756,18.79247752121236
2024-06-28,17829,94708,18.825231237065488
2024-06-29,17815,94620,18.827943352356776
2024-06-30,17799,94556,18.823765810736475
2024-07-01,17801,94510,18.83504391069726
2024-07-02,17711,93823,18.877034415868156
2024-07-03,17699,93519,18.92556592777936
2024-07-04,17697,93454,18.936589124061015
2024-07-05,17686,93503,18.914901126167056
2024-07-06,17605,92681,18.99526332257958
2024-07-07,17543,91949,19.079054693362604
2024-07-08,17566,91948,19.1042763300996
2024-07-09,17582,92083,19.09364377789601
2024-07-10,17588,91984,19.12071664637326
2024-07-11,17592,91993,19.123194156077073
2024-07-12,17606,92037,19.129263231091823
2024-07-13,17612,91984,19.14680814054616
2024-07-14,17653,92250,19.136043360433582
2024-07-15,17800,93562,19.024817767897204
2024-07-16,17808,93557,19.034385454856377
2024-07-17,17819,93641,19.029057784517445
2024-07-18,17847,93668,19.053465431097045
2024-07-19,17878,93915,19.036362668370316
2024-07-20,17926,94500,18.96931216931215
2024-07-21,17910,94524,18.94756887139772
2024-07-22,17906,94479,18.952359783655606
2024-07-23,17904,94512,18.94362620619602
2024-07-24,17932,94585,18.958608658878237
2024-07-25,17937,94609,18.959084230887104
2024-07-26,17948,94624,18.96770375380451
2024-07-27,17945,94616,18.96613680561425
2024-07-28,17874,93784,19.05868804913416
2024-07-29,17867,93682,19.07196686663391
2024-07-30,17858,93670,19.064801964342884
2024-07-31,17856,93714,19.05371662718482
2024-08-01,17853,93700,19.053361792956224
2024-08-02,17868,93834,19.042138244133238
2024-08-03,17781,92759,19.16902942032577
2024-08-04,17773,92846,19.142450940266656
2024-08-05,17777,92834,19.14923411681063
2024-08-06,17783,92901,19.141882218705913
2024-08-07,17802,92983,19.145435187077187
2024-08-08,17808,93031,19.14200642796485
2024-08-09,17791,93051,19.11962257256771
2024-08-10,17806,93135,19.11848392118965
2024-08-11,17815,93196,19.115627280140757
2024-08-12,17824,93290,19.10601350627075
2024-08-13,17847,93568,19.073828659370704
2024-08-14,17835,93563,19.0620223806419
2024-08-15,17850,93592,19.072142918198114
2024-08-16,17864,93655,19.074261918744305
2024-08-17,17882,93734,19.077389207758102
2024-08-18,17902,93872,19.07064939492072
2024-08-19,18010,94738,19.01032320716078
2024-08-20,18104,95473,18.962429168455984
2024-08-21,18126,95653,18.949745434016688
2024-08-22,18129,95742,18.935263520711892
2024-08-23,18174,95844,18.962063352948523
2024-08-24,18189,96056,18.935829099691826
2024-08-25,18274,96866,18.865236512295315
2024-08-26,18273,96937,18.85038736498961
2024-08-27,18287,97035,18.845777296851633
2024-08-28,18295,97096,18.842176814698835
2024-08-29,18305,97239,18.824751385760838
2024-08-30,18310,97244,18.82892517790299
2024-08-31,18316,97290,18.82618974200841
2024-09-01,18272,96655,18.90435052506335
2024-09-02,18270,96644,18.904432763544534
2024-09-03,18273,96473,18.941050863972283
2024-09-04,18194,94348,19.283927587230234
2024-09-05,18214,94367,19.301238780505876
2024-09-06,18141,93707,19.359279456177212
2024-09-07,18088,93257,19.39586304513332
2024-09-08,18090,93270,19.39530395625601
2024-09-09,18089,93325,19.38280203589604
2024-09-10,18108,93455,19.376170349365985
2024-09-11,18099,93450,19.367576243980718
2024-09-12,18110,93453,19.3787251345596
2024-09-13,18138,93598,19.378619201264964
2024-09-14,18149,93674,19.3746397079232
2024-09-15,18139,93663,19.366238536028078
2024-09-16,18219,94318,19.31656735723826
2024-09-17,18269,94839,19.26317232362212
2024-09-18,18267,94867,19.255378582647264
2024-09-19,18286,94905,19.267688741372933
2024-09-20,18316,94973,19.285481136744107
2024-09-21,18350,95330,19.248924787579966
2024-09-22,18381,95826,19.18164172562768
2024-09-23,18379,95817,19.181356126783328
2024-09-24,18390,95900,19.176225234619373
2024-09-25,18396,95898,19.18288181192515
2024-09-26,18401,95870,19.193699801814937
2024-09-27,18409,95898,19.196437881916182
2024-09-28,18419,95893,19.207867101873944
2024-09-29,18382,95506,19.2469583062844
2024-09-30,18349,95206,19.27294498245907
2024-10-01,18342,95204,19.265997227007247
2024-10-02,18335,95093,19.281124793623064
2024-10-03,18340,95129,19.2790841909407
2024-10-04,18299,94530,19.357875806622214
2024-10-05,18263,94213,19.384798276246357
2024-10-06,18258,94207,19.380725423800758
2024-10-07,18268,94222,19.38825327418223
2024-10-08,18279,94297,19.384497916158498
2024-10-09,18299,94257,19.41394273104383
2024-10-10,18303,94247,19.420246798306557
2024-10-11,18302,94219,19.424956749700147
2024-10-12,18314,94199,19.441819976857484
2024-10-13,18320,94169,19.454385201074643
2024-10-14,18353,94414,19.438854407185353
2024-10-15,18443,95301,19.352367761093777
2024-10-16,18444,95295,19.354635605225855
2024-10-17,18470,95363,19.36809873850443
2024-10-18,18485,95423,19.371639961015667
2024-10-19,18483,95461,19.361833628392727
2024-10-20,18555,96133,19.30138454016829
2024-10-21,18572,96224,19.30079813767873
2024-10-22,18585,96261,19.306884408015687
2024-10-23,18577,96190,19.31281838028899
2024-10-24,18566,96169,19.305597437843776
2024-10-25,18574,96175,19.3127112035352
2024-10-26,18543,95935,19.328712148850762
2024-10-27,18492,95472,19.36902966314729
2024-10-28,18488,95378,19.383925014154187
2024-10-29,18494,95380,19.38980918431535
2024-10-30,18494,95277,19.41077070016896
2024-10-31,18498,95278,19.414765213375574
2024-11-01,18389,94248,19.51128936423052
2024-11-02,18402,94350,19.50397456279807
2024-11-03,18396,94339,19.499888699265394
2024-11-04,18388,94288,19.50195146784318
2024-11-05,18387,94345,19.489109120780096
2024-11-06,18394,94217,19.52301601621786
2024-11-07,18400,94155,19.542244171844278
2024-11-08,18397,94078,19.555050064839794
2024-11-09,18407,94062,19.56900767578829
2024-11-10,18399,94034,19.566327073186272
2024-11-11,18369,93874,19.56771843108846
2024-11-12,18373,93888,19.569061008861603
2024-11-13,18355,93829,19.56218226774236
2024-11-14,18372,93762,19.594291930632856
2024-11-15,18361,93743,19.586529127508165
2024-11-16,18349,93675,19.587937016279668
2024-11-17,18343,93573,19.602876898250543
2024-11-18,18333,93386,19.63142226886255
2024-11-19,18436,94117,19.588384670144585
2024-11-20,18458,94294,19.574946444100345
2024-11-21,18473,94264,19.597089026563673
2024-11-22,18492,94213,19.627864519758397
2024-11-23,18483,94128,19.63602753697091
2024-11-24,18464,94058,19.630440791851814
2024-11-25,18531,94545,19.600190385530677
2024-11-26,18531,94487,19.612221787124135
2024-11-27,18521,94438,19.611808805777315
2024-11-28,18502,94376,19.60456048147832
2024-11-29,18507,94487,19.586821467503444
2024-11-30,18504,94435,19.594430031238396
2024-12-01,18452,94052,19.61893420660909
2024-12-02,18431,93886,19.631254926187058
2024-12-03,18448,93885,19.64957128401766
2024-12-04,18450,93817,19.665945404351003
2024-12-05,18457,93841,19.66837523044296
2024-12-06,18385,93157,19.73550028446599
2024-12-07,18364,92969,19.75282083275068
2024-12-08,18352,92953,19.743311135735244
2024-12-09,18351,92915,19.75030942259052
2024-12-10,18360,93022,19.737266453097096
2024-12-11,18351,92995,19.733318995644904
2024-12-12,18365,93032,19.74051939117721
2024-12-13,18366,93019,19.744353304163642
2024-12-14,18354,93007,19.733998516240693
2024-12-15,18350,92957,19.740310035822993
2024-12-16,18372,93113,19.730864648330503
2024-12-17,18476,94015,19.65218316226132
2024-12-18,18517,94061,19.686161108216986
2024-12-19,18510,94100,19.67056323060572
2024-12-20,18529,94162,19.67778934177267
2024-12-21,18541,94182,19.68635195684948
2024-12-22,18620,94769,19.647775116335488
2024-12-23,18611,94775,19.63703508309151
2024-12-24,18608,94721,19.64506286884638
2024-12-25,18612,94684,19.65696421781925
2024-12-26,18595,94652,19.645649325951887
2024-12-27,18595,94594,19.65769499122564
2024-12-28,18518,94016,19.69664737916948
2024-12-29,18522,93923,19.720409271424444
2024-12-30,18505,93848,19.71805472679224
2024-12-31,18491,93812,19.710697991728114
2025-01-01,18499,136241,13.578144611387165
2025-01-02,18456,135949,13.57567911496222
2025-01-03,18391,134932,13.629828357987718
2025-01-04,18404,135229,13.609506836551322
2025-01-05,18410,135214,13.615454021033317
2025-01-06,18386,135405,13.578523688194666
2025-01-07,18402,135149,13.616082989885228
2025-01-08,18401,135241,13.60608099614761
2025-01-09,18398,135102,13.617859099051078
2025-01-10,18421,135380,13.606884325602
2025-01-11,18417,135275,13.614489003880974
2025-01-12,18423,135314,13.614999187075977
2025-01-13,18428,135308,13.619298193750545
2025-01-14,18442,135563,13.604006993058569
2025-01-15,18460,135616,13.61196319018404
2025-01-16,18461,135768,13.597460373578448
2025-01-17,18460,135869,13.586616520324716
2025-01-18,18482,135912,13.598504914944956
2025-01-19,18505,136032,13.603416843095733
2025-01-20,18500,136074,13.595543601275768
2025-01-21,18579,136842,13.576971982286132
2025-01-22,18640,137620,13.544542944339478
2025-01-23,18664,137818,13.542498077174235
2025-01-24,18686,138082,13.532538636462384
2025-01-27,18723,138233,13.544522653780204
2025-01-28,18788,138979,13.518589139366371
2025-01-29,18805,139090,13.52002300668631
2025-01-30,18821,139251,13.515881394029478
2025-01-31,18772,138751,13.529271861103695
2025-02-01,18795,138765,13.544481677656462
2025-02-02,18799,138792,13.544728802812834
2025-02-03,18792,138800,13.538904899135439
2025-02-04,18794,138820,13.538395043941787
2025-02-05,18804,138882,13.539551561757454
2025-02-06,18699,137493,13.599965089131802
2025-02-07,18721,137589,13.606465633153805
2025-02-08,18738,137835,13.594515181194899
2025-02-09,18748,137890,13.596344912611494
2025-02-12,18789,138289,13.58676395085653
2025-02-13,18795,138157,13.604088102665798
2025-02-14,18801,138171,13.607052131054989
2025-02-15,18809,138159,13.614024421137955
2025-02-16,18804,138023,13.623816320468318
2025-02-17,18795,137883,13.631122038249812
2025-02-18,18803,137940,13.631288966217188
2025-02-19,18902,139072,13.591520938794286
2025-02-20,18946,139568,13.574744927203936
2025-02-21,18951,139582,13.576965511312338
2025-02-22,18956,139761,13.563154241884352
2025-02-23,18962,139553,13.587669200948735
2025-02-24,18956,139604,13.578407495487227
2025-02-25,18980,140219,13.53596873462226
2025-02-26,19003,140427,13.532297919915678
2025-02-27,0,0,0.0
2025-02-28,18956,139624,13.576462499283782
2025-03-01,18972,139536,13.596491228070168
2025-03-02,18959,139527,13.588051058218115
2025-03-03,0,0,0.0
2025-03-04,18951,139507,13.584264588873667
2025-03-05,18936,139257,13.597880178375226
2025-03-06,18861,138022,13.66521279216356
2025-03-07,18849,138803,13.579677672672773
2025-03-08,18891,138264,13.662992536018043
2025-03-09,18873,138116,13.66460077036693
2025-03-10,18870,138045,13.669455612300329
2025-03-11,18876,138312,13.64740586500086
2025-03-13,18876,138101,13.668257289954445
2025-03-14,0,0,0.0
2025-03-15,18891,138121,13.677138161467111
2025-03-16,18894,137887,13.702524530956499
2025-03-17,18883,137682,13.714937319330042
2025-03-18,18875,137717,13.705642731107988
2025-03-19,0,0,0.0
2025-03-20,18964,138883,13.654658957539791
2025-03-21,18972,138801,13.668489420105034
2025-03-22,0,0,0.0
2025-03-23,18967,138624,13.682334949215134
2025-03-24,18967,138587,13.685987863219486
2025-03-25,18990,139318,13.630686630586133
2025-03-26,19035,139507,13.644476621244804
2025-03-27,19005,139080,13.664797238999128
2025-03-28,18996,138876,13.678389354532092
2025-03-29,18985,138732,13.684658189891293
2025-03-30,18986,138556,13.702762781835494
2025-03-31,18975,138463,13.704022013100964
2025-04-01,18973,138370,13.711787237117864
2025-04-02,18944,137956,13.731914523471243
2025-04-03,18897,137199,13.77342400454813
2025-04-04,18900,137193,13.776213072095507
2025-04-05,18915,137435,13.762869720231373
2025-04-06,18905,137183,13.780862060167797
2025-04-07,18897,137089,13.784475778508844
2025-04-08,18916,137084,13.798838668261787
2025-04-09,18918,137115,13.797177551690178
2025-04-10,18907,137232,13.777398857409342
2025-04-11,18900,136663,13.829639331786941
2025-04-12,18904,136564,13.842593948624812
2025-04-13,18901,136615,13.835230391977445
2025-04-14,18910,136611,13.84222353983207
2025-04-15,18927,136675,13.84817998902505
2025-04-16,18964,136795,13.863079790928023
2025-04-17,18972,136795,13.86892795789319
2025-04-18,18987,136745,13.884968371786893
2025-04-22,19007,136851,13.88882799541106
2025-04-23,19020,137097,13.87338891441825
2025-04-24,19017,136730,13.908432677539668
2025-04-25,18963,136178,13.925156780096628
2025-04-26,18953,136037,13.932239023206913
2025-04-27,18955,136019,13.93555312125511
2025-04-28,18949,135919,13.941391564093312
2025-04-29,18937,136123,13.911682816276446
2025-04-30,18947,135906,13.941253513457822
2025-05-01,18884,134776,14.011396687837587
2025-05-02,18876,135074,13.974562091890363
2025-05-03,18901,135283,13.971452436743705
2025-05-04,18914,135257,13.983749454741705
2025-05-05,18921,135261,13.988511100760743
2025-05-06,18941,135435,13.985306604644284
2025-05-07,18954,135606,13.977257643467095
2025-05-08,18969,135611,13.987803349285816
2025-05-09,18980,135886,13.967590480255499
2025-05-10,18981,136004,13.956207170377333
2025-05-11,18992,136091,13.955368099286497
2025-05-12,18990,136077,13.955334112304055
2025-05-13,19007,136321,13.942826123634648
2025-05-14,19009,136303,13.946134714569736
2025-05-15,19011,136250,13.953027522935772
2025-05-16,19021,136495,13.935308985677121
2025-05-17,19017,136549,13.926868743088553
2025-05-18,19009,136359,13.940407307181768
2025-05-19,19013,136180,13.961668380085172
2025-05-20,18993,136032,13.962155963302743
2025-05-21,19053,137031,13.904153074851667
2025-05-22,19080,137149,13.911876863848798
2025-05-23,19082,137097,13.918612369344324
2025-05-24,19095,137250,13.91256830601092
2025-05-25,19080,137182,13.908530273651053
2025-05-26,19069,137226,13.896054683514777
2025-05-27,19104,137922,13.851307260625562
2025-05-28,19104,137910,13.852512508157485
2025-05-29,19116,137915,13.86071130768951
2025-05-30,19043,137050,13.894928858080984
2025-05-31,19035,137136,13.880381519075945
2025-06-01,19108,138150,13.831342743394853
2025-06-02,19031,137125,13.878577939835907
2025-06-03,19036,137197,13.874938956391166
2025-06-04,19031,137776,13.813000812913707
2025-06-05,19048,137784,13.824536956395509
2025-06-06,18969,137324,13.813317409921053
2025-06-07,18966,137397,13.803794842682146
2025-06-08,18967,137371,13.807135421595525
2025-06-09,18848,135878,13.871266871752592
2025-06-10,18807,135579,13.871617285862847
2025-06-11,18786,135247,13.890141740667067
2025-06-12,18782,135133,13.898899602613712
2025-06-13,18762,134838,13.914475147955315
2025-06-14,18756,134664,13.927998574229184
2025-06-15,18742,134468,13.937888568283896
2025-06-18,18764,135110,13.887943157427273
2025-06-19,18753,135071,13.883809255872828
2025-06-20,18750,135616,13.825802265219433
2025-06-21,18745,134675,13.918693150176342
2025-06-22,18725,135117,13.858359791884062
2025-06-23,18751,134942,13.895599590935356
2025-06-24,18795,135486,13.872282006997024
2025-06-25,18802,135465,13.879599896652262
2025-06-26,18803,135120,13.915778567199517
2025-06-27,18756,134372,13.958265114756042
2025-06-28,18760,134160,13.98330351818723
2025-06-29,18744,133941,13.994221336259987
2025-06-30,18738,133813,14.003123762265242
2025-07-01,18738,133644,14.020831462691918
2025-07-02,18739,133237,14.064411537335715
2025-07-03,18644,132104,14.113122994004714
2025-07-04,18639,131934,14.12751830460684
2025-07-05,18628,132177,14.093223480635805
2025-07-06,18615,131689,14.135577003394351
2025-07-07,18605,131576,14.140116738614935
2025-07-08,18619,131769,14.130030583824714
2025-07-09,18596,131435,14.1484383916004
2025-07-10,18576,131445,14.132146525162605
2025-07-11,18583,131258,14.157613250239976
2025-07-12,18569,131020,14.172645397649204
2025-07-13,18536,130675,14.184809642242193
2025-07-14,18535,130690,14.182416405233749
2025-07-22,18688,131879,14.170565442564765
2025-07-23,18664,131815,14.159238326442352
2025-07-24,18624,130788,14.239838517295153
2025-07-25,18617,130537,14.261856791561002
2025-07-26,18616,130570,14.257486405759352
2025-07-27,18632,130329,14.296127492729926
2025-07-28,18622,130258,14.296242841130669
2025-07-29,18641,130122,14.325786569527049
2025-07-30,18541,128597,14.41791021563488
